id,school_id,event_id,constituent_id,attended_at,record_source
1,1,1,2637,2025-09-26T18:00:00Z,event_import
2,1,1,1321,2025-09-26T18:00:00Z,advancement_entry
3,1,1,11687,2025-09-26T18:00:00Z,advancement_entry
4,1,1,11718,2025-09-26T18:00:00Z,event_import
5,1,1,19319,2025-09-26T18:00:00Z,event_import
6,1,1,4219,2025-09-26T18:00:00Z,event_import
7,1,1,18993,2025-09-26T18:00:00Z,event_import
8,1,1,2277,2025-09-26T18:00:00Z,advancement_entry
9,1,1,7947,2025-09-26T18:00:00Z,event_import
10,1,1,18999,2025-09-26T18:00:00Z,event_import
11,1,1,12148,2025-09-26T18:00:00Z,event_import
12,1,1,15310,2025-09-26T18:00:00Z,event_import
13,1,1,4958,2025-09-26T18:00:00Z,event_import
14,1,1,7197,2025-09-26T18:00:00Z,advancement_entry
15,1,1,16506,2025-09-26T18:00:00Z,event_import
16,1,1,17577,2025-09-26T18:00:00Z,advancement_entry
17,1,1,9200,2025-09-26T18:00:00Z,event_import
18,1,1,14705,2025-09-26T18:00:00Z,event_import
19,1,1,867,2025-09-26T18:00:00Z,advancement_entry
20,1,1,8447,2025-09-26T18:00:00Z,event_import
21,1,1,3481,2025-09-26T18:00:00Z,event_import
22,1,1,14908,2025-09-26T18:00:00Z,event_import
23,1,1,5273,2025-09-26T18:00:00Z,event_import
24,1,1,14407,2025-09-26T18:00:00Z,event_import
25,1,1,3922,2025-09-26T18:00:00Z,event_import
26,1,1,17053,2025-09-26T18:00:00Z,advancement_entry
27,1,1,16583,2025-09-26T18:00:00Z,event_import
28,1,1,19604,2025-09-26T18:00:00Z,event_import
29,1,1,3377,2025-09-26T18:00:00Z,event_import
30,1,1,15085,2025-09-26T18:00:00Z,advancement_entry
31,1,1,17476,2025-09-26T18:00:00Z,event_import
32,1,1,19958,2025-09-26T18:00:00Z,event_import
33,1,1,4644,2025-09-26T18:00:00Z,event_import
34,1,1,4347,2025-09-26T18:00:00Z,event_import
35,1,1,13014,2025-09-26T18:00:00Z,event_import
36,1,1,6512,2025-09-26T18:00:00Z,event_import
37,1,1,332,2025-09-26T18:00:00Z,advancement_entry
38,1,1,6426,2025-09-26T18:00:00Z,event_import
39,1,1,6038,2025-09-26T18:00:00Z,advancement_entry
40,1,1,7000,2025-09-26T18:00:00Z,event_import
41,1,1,7314,2025-09-26T18:00:00Z,advancement_entry
42,1,1,16294,2025-09-26T18:00:00Z,event_import
43,1,1,6427,2025-09-26T18:00:00Z,event_import
44,1,1,7672,2025-09-26T18:00:00Z,advancement_entry
45,1,1,15741,2025-09-26T18:00:00Z,event_import
46,1,1,12892,2025-09-26T18:00:00Z,event_import
47,1,1,9738,2025-09-26T18:00:00Z,event_import
48,1,1,4051,2025-09-26T18:00:00Z,event_import
49,1,1,1363,2025-09-26T18:00:00Z,advancement_entry
50,1,1,4886,2025-09-26T18:00:00Z,advancement_entry
51,1,1,16893,2025-09-26T18:00:00Z,event_import
52,1,1,19875,2025-09-26T18:00:00Z,event_import
53,1,1,16022,2025-09-26T18:00:00Z,event_import
54,1,1,2712,2025-09-26T18:00:00Z,advancement_entry
55,1,1,500,2025-09-26T18:00:00Z,event_import
56,1,1,18560,2025-09-26T18:00:00Z,event_import
57,1,1,15015,2025-09-26T18:00:00Z,event_import
58,1,1,11747,2025-09-26T18:00:00Z,event_import
59,1,1,7901,2025-09-26T18:00:00Z,event_import
60,1,1,8547,2025-09-26T18:00:00Z,event_import
61,1,1,13022,2025-09-26T18:00:00Z,event_import
62,1,1,16508,2025-09-26T18:00:00Z,advancement_entry
63,1,1,9772,2025-09-26T18:00:00Z,event_import
64,1,1,13863,2025-09-26T18:00:00Z,event_import
65,1,1,9302,2025-09-26T18:00:00Z,event_import
66,1,1,19928,2025-09-26T18:00:00Z,event_import
67,1,1,13071,2025-09-26T18:00:00Z,event_import
68,1,1,16013,2025-09-26T18:00:00Z,event_import
69,1,1,545,2025-09-26T18:00:00Z,event_import
70,1,1,18854,2025-09-26T18:00:00Z,advancement_entry
71,1,1,3537,2025-09-26T18:00:00Z,event_import
72,1,1,19738,2025-09-26T18:00:00Z,event_import
73,1,1,14140,2025-09-26T18:00:00Z,advancement_entry
74,1,1,9690,2025-09-26T18:00:00Z,advancement_entry
75,1,1,7915,2025-09-26T18:00:00Z,event_import
76,1,1,16875,2025-09-26T18:00:00Z,event_import
77,1,1,10165,2025-09-26T18:00:00Z,event_import
78,1,1,15718,2025-09-26T18:00:00Z,event_import
79,1,1,13839,2025-09-26T18:00:00Z,advancement_entry
80,1,1,4185,2025-09-26T18:00:00Z,advancement_entry
81,1,1,2995,2025-09-26T18:00:00Z,advancement_entry
82,1,1,12978,2025-09-26T18:00:00Z,advancement_entry
83,1,1,10643,2025-09-26T18:00:00Z,event_import
84,1,1,17900,2025-09-26T18:00:00Z,event_import
85,1,1,11373,2025-09-26T18:00:00Z,event_import
86,1,1,19995,2025-09-26T18:00:00Z,advancement_entry
87,1,1,12636,2025-09-26T18:00:00Z,event_import
88,1,1,5472,2025-09-26T18:00:00Z,event_import
89,1,1,15520,2025-09-26T18:00:00Z,event_import
90,1,1,8426,2025-09-26T18:00:00Z,advancement_entry
91,1,1,918,2025-09-26T18:00:00Z,advancement_entry
92,1,1,12204,2025-09-26T18:00:00Z,advancement_entry
93,1,1,12171,2025-09-26T18:00:00Z,event_import
94,1,1,1295,2025-09-26T18:00:00Z,event_import
95,1,1,10548,2025-09-26T18:00:00Z,event_import
96,1,1,10021,2025-09-26T18:00:00Z,advancement_entry
97,1,1,2222,2025-09-26T18:00:00Z,event_import
98,1,1,3522,2025-09-26T18:00:00Z,advancement_entry
99,1,1,17373,2025-09-26T18:00:00Z,event_import
100,1,1,3093,2025-09-26T18:00:00Z,event_import
101,1,1,10933,2025-09-26T18:00:00Z,event_import
102,1,1,10078,2025-09-26T18:00:00Z,event_import
103,1,1,19535,2025-09-26T18:00:00Z,advancement_entry
104,1,1,14038,2025-09-26T18:00:00Z,event_import
105,1,1,12478,2025-09-26T18:00:00Z,event_import
106,1,1,7394,2025-09-26T18:00:00Z,advancement_entry
107,1,1,10196,2025-09-26T18:00:00Z,event_import
108,1,1,14009,2025-09-26T18:00:00Z,advancement_entry
109,1,1,3304,2025-09-26T18:00:00Z,event_import
110,1,1,17937,2025-09-26T18:00:00Z,event_import
111,1,1,13486,2025-09-26T18:00:00Z,event_import
112,1,1,10955,2025-09-26T18:00:00Z,event_import
113,1,1,15028,2025-09-26T18:00:00Z,event_import
114,1,1,13325,2025-09-26T18:00:00Z,advancement_entry
115,1,1,8384,2025-09-26T18:00:00Z,event_import
116,1,1,4335,2025-09-26T18:00:00Z,event_import
117,1,1,4971,2025-09-26T18:00:00Z,event_import
118,1,1,9135,2025-09-26T18:00:00Z,event_import
119,1,1,3916,2025-09-26T18:00:00Z,event_import
120,1,1,19800,2025-09-26T18:00:00Z,event_import
121,1,1,14595,2025-09-26T18:00:00Z,event_import
122,1,1,16834,2025-09-26T18:00:00Z,advancement_entry
123,1,1,17325,2025-09-26T18:00:00Z,event_import
124,1,1,14514,2025-09-26T18:00:00Z,event_import
125,1,1,17276,2025-09-26T18:00:00Z,event_import
126,1,1,17022,2025-09-26T18:00:00Z,event_import
127,1,1,17288,2025-09-26T18:00:00Z,event_import
128,1,1,16005,2025-09-26T18:00:00Z,event_import
129,1,1,5235,2025-09-26T18:00:00Z,event_import
130,1,1,4847,2025-09-26T18:00:00Z,event_import
131,1,1,2341,2025-09-26T18:00:00Z,advancement_entry
132,1,1,4998,2025-09-26T18:00:00Z,event_import
133,1,1,14671,2025-09-26T18:00:00Z,event_import
134,1,1,14497,2025-09-26T18:00:00Z,event_import
135,1,1,1697,2025-09-26T18:00:00Z,event_import
136,1,1,4983,2025-09-26T18:00:00Z,event_import
137,1,1,14299,2025-09-26T18:00:00Z,event_import
138,1,1,18352,2025-09-26T18:00:00Z,event_import
139,1,1,19401,2025-09-26T18:00:00Z,event_import
140,1,1,1237,2025-09-26T18:00:00Z,event_import
141,1,1,6036,2025-09-26T18:00:00Z,event_import
142,1,1,3655,2025-09-26T18:00:00Z,advancement_entry
143,1,1,10918,2025-09-26T18:00:00Z,event_import
144,1,1,4829,2025-09-26T18:00:00Z,event_import
145,1,1,11026,2025-09-26T18:00:00Z,event_import
146,1,1,13946,2025-09-26T18:00:00Z,event_import
147,1,1,19315,2025-09-26T18:00:00Z,event_import
148,1,1,2482,2025-09-26T18:00:00Z,event_import
149,1,1,19795,2025-09-26T18:00:00Z,event_import
150,1,1,16356,2025-09-26T18:00:00Z,event_import
151,1,1,5831,2025-09-26T18:00:00Z,advancement_entry
152,1,1,17289,2025-09-26T18:00:00Z,advancement_entry
153,1,1,10986,2025-09-26T18:00:00Z,event_import
154,1,1,13531,2025-09-26T18:00:00Z,event_import
155,1,1,6232,2025-09-26T18:00:00Z,event_import
156,1,1,12970,2025-09-26T18:00:00Z,advancement_entry
157,1,1,7590,2025-09-26T18:00:00Z,advancement_entry
158,1,1,11609,2025-09-26T18:00:00Z,advancement_entry
159,1,1,2962,2025-09-26T18:00:00Z,advancement_entry
160,1,1,7291,2025-09-26T18:00:00Z,event_import
161,1,1,11427,2025-09-26T18:00:00Z,event_import
162,1,1,1751,2025-09-26T18:00:00Z,event_import
163,1,1,9294,2025-09-26T18:00:00Z,event_import
164,1,1,14884,2025-09-26T18:00:00Z,event_import
165,1,1,16829,2025-09-26T18:00:00Z,event_import
166,1,1,4736,2025-09-26T18:00:00Z,event_import
167,1,1,7238,2025-09-26T18:00:00Z,event_import
168,1,1,18013,2025-09-26T18:00:00Z,advancement_entry
169,1,1,9188,2025-09-26T18:00:00Z,event_import
170,1,1,2261,2025-09-26T18:00:00Z,event_import
171,1,1,3684,2025-09-26T18:00:00Z,advancement_entry
172,1,1,10386,2025-09-26T18:00:00Z,event_import
173,1,1,4291,2025-09-26T18:00:00Z,event_import
174,1,1,15261,2025-09-26T18:00:00Z,advancement_entry
175,1,1,1246,2025-09-26T18:00:00Z,event_import
176,1,1,14384,2025-09-26T18:00:00Z,event_import
177,1,1,5520,2025-09-26T18:00:00Z,event_import
178,1,1,19005,2025-09-26T18:00:00Z,advancement_entry
179,1,1,11312,2025-09-26T18:00:00Z,advancement_entry
180,1,1,15470,2025-09-26T18:00:00Z,advancement_entry
181,1,1,1700,2025-09-26T18:00:00Z,event_import
182,1,1,18869,2025-09-26T18:00:00Z,event_import
183,1,1,16989,2025-09-26T18:00:00Z,event_import
184,1,1,4076,2025-09-26T18:00:00Z,event_import
185,1,1,13349,2025-09-26T18:00:00Z,event_import
186,1,1,6191,2025-09-26T18:00:00Z,event_import
187,1,1,7466,2025-09-26T18:00:00Z,event_import
188,1,1,15894,2025-09-26T18:00:00Z,advancement_entry
189,1,1,2325,2025-09-26T18:00:00Z,event_import
190,1,1,10265,2025-09-26T18:00:00Z,advancement_entry
191,1,1,6361,2025-09-26T18:00:00Z,event_import
192,1,1,17324,2025-09-26T18:00:00Z,event_import
193,1,1,1023,2025-09-26T18:00:00Z,event_import
194,1,1,8578,2025-09-26T18:00:00Z,event_import
195,1,1,18965,2025-09-26T18:00:00Z,event_import
196,1,1,9329,2025-09-26T18:00:00Z,event_import
197,1,1,6985,2025-09-26T18:00:00Z,event_import
198,1,1,1816,2025-09-26T18:00:00Z,event_import
199,1,1,2045,2025-09-26T18:00:00Z,event_import
200,1,1,13889,2025-09-26T18:00:00Z,event_import
201,1,1,7364,2025-09-26T18:00:00Z,event_import
202,1,1,12153,2025-09-26T18:00:00Z,advancement_entry
203,1,1,19622,2025-09-26T18:00:00Z,event_import
204,1,1,8257,2025-09-26T18:00:00Z,event_import
205,1,1,3595,2025-09-26T18:00:00Z,event_import
206,1,1,8945,2025-09-26T18:00:00Z,event_import
207,1,1,9603,2025-09-26T18:00:00Z,event_import
208,1,1,3689,2025-09-26T18:00:00Z,event_import
209,1,1,1739,2025-09-26T18:00:00Z,event_import
210,1,1,3056,2025-09-26T18:00:00Z,event_import
211,1,1,18141,2025-09-26T18:00:00Z,event_import
212,1,1,9950,2025-09-26T18:00:00Z,event_import
213,1,1,8848,2025-09-26T18:00:00Z,event_import
214,1,1,15485,2025-09-26T18:00:00Z,event_import
215,1,1,16868,2025-09-26T18:00:00Z,event_import
216,1,1,17239,2025-09-26T18:00:00Z,event_import
217,1,1,6276,2025-09-26T18:00:00Z,event_import
218,1,1,13248,2025-09-26T18:00:00Z,event_import
219,1,1,9523,2025-09-26T18:00:00Z,event_import
220,1,1,8328,2025-09-26T18:00:00Z,advancement_entry
221,1,1,538,2025-09-26T18:00:00Z,event_import
222,1,1,7702,2025-09-26T18:00:00Z,event_import
223,1,1,8731,2025-09-26T18:00:00Z,event_import
224,1,1,12400,2025-09-26T18:00:00Z,event_import
225,1,1,3318,2025-09-26T18:00:00Z,event_import
226,1,1,3523,2025-09-26T18:00:00Z,advancement_entry
227,1,1,6479,2025-09-26T18:00:00Z,advancement_entry
228,1,1,9389,2025-09-26T18:00:00Z,event_import
229,1,1,6278,2025-09-26T18:00:00Z,advancement_entry
230,1,1,17177,2025-09-26T18:00:00Z,event_import
231,1,1,3589,2025-09-26T18:00:00Z,event_import
232,1,1,12876,2025-09-26T18:00:00Z,event_import
233,1,1,16542,2025-09-26T18:00:00Z,event_import
234,1,1,721,2025-09-26T18:00:00Z,event_import
235,1,1,18681,2025-09-26T18:00:00Z,event_import
236,1,1,1410,2025-09-26T18:00:00Z,advancement_entry
237,1,1,18788,2025-09-26T18:00:00Z,event_import
238,1,1,18076,2025-09-26T18:00:00Z,advancement_entry
239,1,1,17097,2025-09-26T18:00:00Z,advancement_entry
240,1,1,11243,2025-09-26T18:00:00Z,event_import
241,1,1,7759,2025-09-26T18:00:00Z,event_import
242,1,1,3923,2025-09-26T18:00:00Z,advancement_entry
243,1,1,19873,2025-09-26T18:00:00Z,event_import
244,1,1,16384,2025-09-26T18:00:00Z,advancement_entry
245,1,1,7450,2025-09-26T18:00:00Z,event_import
246,1,1,12660,2025-09-26T18:00:00Z,event_import
247,1,1,3998,2025-09-26T18:00:00Z,event_import
248,1,1,12927,2025-09-26T18:00:00Z,event_import
249,1,1,14040,2025-09-26T18:00:00Z,event_import
250,1,1,10827,2025-09-26T18:00:00Z,event_import
251,1,1,16244,2025-09-26T18:00:00Z,advancement_entry
252,1,1,5436,2025-09-26T18:00:00Z,event_import
253,1,1,13502,2025-09-26T18:00:00Z,event_import
254,1,1,17314,2025-09-26T18:00:00Z,advancement_entry
255,1,1,11543,2025-09-26T18:00:00Z,advancement_entry
256,1,1,8779,2025-09-26T18:00:00Z,advancement_entry
257,1,1,16545,2025-09-26T18:00:00Z,advancement_entry
258,1,1,10869,2025-09-26T18:00:00Z,event_import
259,1,1,8937,2025-09-26T18:00:00Z,advancement_entry
260,1,1,5958,2025-09-26T18:00:00Z,event_import
261,1,1,2802,2025-09-26T18:00:00Z,event_import
262,1,1,4764,2025-09-26T18:00:00Z,event_import
263,1,1,12524,2025-09-26T18:00:00Z,event_import
264,1,1,10301,2025-09-26T18:00:00Z,event_import
265,1,1,4962,2025-09-26T18:00:00Z,event_import
266,1,1,5212,2025-09-26T18:00:00Z,event_import
267,1,1,4033,2025-09-26T18:00:00Z,event_import
268,1,1,14615,2025-09-26T18:00:00Z,advancement_entry
269,1,1,5067,2025-09-26T18:00:00Z,advancement_entry
270,1,1,17117,2025-09-26T18:00:00Z,event_import
271,1,1,11405,2025-09-26T18:00:00Z,advancement_entry
272,1,1,6143,2025-09-26T18:00:00Z,event_import
273,1,1,16112,2025-09-26T18:00:00Z,advancement_entry
274,1,1,5567,2025-09-26T18:00:00Z,event_import
275,1,2,17988,2025-11-06T18:00:00Z,event_import
276,1,2,6164,2025-11-06T18:00:00Z,event_import
277,1,2,9389,2025-11-06T18:00:00Z,advancement_entry
278,1,2,7000,2025-11-06T18:00:00Z,event_import
279,1,2,3523,2025-11-06T18:00:00Z,event_import
280,1,2,18965,2025-11-06T18:00:00Z,advancement_entry
281,1,2,2712,2025-11-06T18:00:00Z,event_import
282,1,2,9294,2025-11-06T18:00:00Z,advancement_entry
283,1,2,14908,2025-11-06T18:00:00Z,advancement_entry
284,1,2,3056,2025-11-06T18:00:00Z,advancement_entry
285,1,2,1739,2025-11-06T18:00:00Z,event_import
286,1,2,4076,2025-11-06T18:00:00Z,event_import
287,1,2,14009,2025-11-06T18:00:00Z,advancement_entry
288,1,2,10548,2025-11-06T18:00:00Z,advancement_entry
289,1,2,13502,2025-11-06T18:00:00Z,event_import
290,1,2,15015,2025-11-06T18:00:00Z,advancement_entry
291,1,2,15718,2025-11-06T18:00:00Z,advancement_entry
292,1,2,6036,2025-11-06T18:00:00Z,advancement_entry
293,1,2,16506,2025-11-06T18:00:00Z,event_import
294,1,2,6512,2025-11-06T18:00:00Z,event_import
295,1,2,18681,2025-11-06T18:00:00Z,event_import
296,1,2,17476,2025-11-06T18:00:00Z,advancement_entry
297,1,2,3689,2025-11-06T18:00:00Z,advancement_entry
298,1,2,16583,2025-11-06T18:00:00Z,event_import
299,1,2,17324,2025-11-06T18:00:00Z,event_import
300,1,2,2995,2025-11-06T18:00:00Z,event_import
301,1,2,9814,2025-11-06T18:00:00Z,advancement_entry
302,1,2,1557,2025-11-06T18:00:00Z,event_import
303,1,2,5533,2025-11-06T18:00:00Z,event_import
304,1,2,2213,2025-11-06T18:00:00Z,event_import
305,1,2,6621,2025-11-06T18:00:00Z,advancement_entry
306,1,2,7067,2025-11-06T18:00:00Z,advancement_entry
307,1,2,8687,2025-11-06T18:00:00Z,advancement_entry
308,1,2,6195,2025-11-06T18:00:00Z,event_import
309,1,2,4349,2025-11-06T18:00:00Z,event_import
310,1,2,727,2025-11-06T18:00:00Z,event_import
311,1,2,8127,2025-11-06T18:00:00Z,event_import
312,1,2,11771,2025-11-06T18:00:00Z,advancement_entry
313,1,2,17438,2025-11-06T18:00:00Z,advancement_entry
314,1,2,11945,2025-11-06T18:00:00Z,advancement_entry
315,1,2,12966,2025-11-06T18:00:00Z,event_import
316,1,2,12612,2025-11-06T18:00:00Z,event_import
317,1,2,5982,2025-11-06T18:00:00Z,event_import
318,1,2,10142,2025-11-06T18:00:00Z,advancement_entry
319,1,2,15396,2025-11-06T18:00:00Z,event_import
320,1,2,5853,2025-11-06T18:00:00Z,event_import
321,1,2,8633,2025-11-06T18:00:00Z,advancement_entry
322,1,2,8793,2025-11-06T18:00:00Z,event_import
323,1,2,11609,2025-11-06T18:00:00Z,event_import
324,1,2,14544,2025-11-06T18:00:00Z,event_import
325,1,2,16957,2025-11-06T18:00:00Z,event_import
326,1,2,14364,2025-11-06T18:00:00Z,event_import
327,1,2,1798,2025-11-06T18:00:00Z,advancement_entry
328,1,2,10328,2025-11-06T18:00:00Z,event_import
329,1,2,14232,2025-11-06T18:00:00Z,advancement_entry
330,1,2,9581,2025-11-06T18:00:00Z,advancement_entry
331,1,2,1180,2025-11-06T18:00:00Z,advancement_entry
332,1,2,7974,2025-11-06T18:00:00Z,event_import
333,1,2,13740,2025-11-06T18:00:00Z,advancement_entry
334,1,2,15377,2025-11-06T18:00:00Z,advancement_entry
335,1,2,12981,2025-11-06T18:00:00Z,event_import
336,1,2,12475,2025-11-06T18:00:00Z,event_import
337,1,2,1987,2025-11-06T18:00:00Z,advancement_entry
338,1,2,17547,2025-11-06T18:00:00Z,event_import
339,1,2,6241,2025-11-06T18:00:00Z,event_import
340,1,2,12087,2025-11-06T18:00:00Z,event_import
341,1,2,16571,2025-11-06T18:00:00Z,event_import
342,1,2,15720,2025-11-06T18:00:00Z,advancement_entry
343,1,2,7626,2025-11-06T18:00:00Z,event_import
344,1,2,18795,2025-11-06T18:00:00Z,advancement_entry
345,1,2,9580,2025-11-06T18:00:00Z,event_import
346,1,2,7006,2025-11-06T18:00:00Z,event_import
347,1,2,7035,2025-11-06T18:00:00Z,event_import
348,1,2,8781,2025-11-06T18:00:00Z,advancement_entry
349,1,2,13310,2025-11-06T18:00:00Z,event_import
350,1,2,11111,2025-11-06T18:00:00Z,event_import
351,1,2,3071,2025-11-06T18:00:00Z,event_import
352,1,2,19105,2025-11-06T18:00:00Z,advancement_entry
353,1,2,14380,2025-11-06T18:00:00Z,event_import
354,1,2,8552,2025-11-06T18:00:00Z,event_import
355,1,2,7685,2025-11-06T18:00:00Z,event_import
356,1,2,3116,2025-11-06T18:00:00Z,advancement_entry
357,1,2,16966,2025-11-06T18:00:00Z,advancement_entry
358,1,2,4259,2025-11-06T18:00:00Z,event_import
359,1,2,17969,2025-11-06T18:00:00Z,event_import
360,1,2,2265,2025-11-06T18:00:00Z,event_import
361,1,2,11188,2025-11-06T18:00:00Z,event_import
362,1,2,11792,2025-11-06T18:00:00Z,event_import
363,1,2,6631,2025-11-06T18:00:00Z,event_import
364,1,2,19904,2025-11-06T18:00:00Z,event_import
365,1,2,1330,2025-11-06T18:00:00Z,event_import
366,1,2,16751,2025-11-06T18:00:00Z,event_import
367,1,2,17288,2025-11-06T18:00:00Z,event_import
368,1,2,16709,2025-11-06T18:00:00Z,advancement_entry
369,1,2,11598,2025-11-06T18:00:00Z,event_import
370,1,2,9057,2025-11-06T18:00:00Z,event_import
371,1,2,1066,2025-11-06T18:00:00Z,event_import
372,1,2,9681,2025-11-06T18:00:00Z,event_import
373,1,2,16800,2025-11-06T18:00:00Z,event_import
374,1,2,5180,2025-11-06T18:00:00Z,event_import
375,1,2,11317,2025-11-06T18:00:00Z,advancement_entry
376,1,2,8854,2025-11-06T18:00:00Z,event_import
377,1,2,1199,2025-11-06T18:00:00Z,event_import
378,1,2,5997,2025-11-06T18:00:00Z,event_import
379,1,2,5823,2025-11-06T18:00:00Z,event_import
380,1,3,6512,2026-03-12T18:00:00Z,advancement_entry
381,1,3,3523,2026-03-12T18:00:00Z,event_import
382,1,3,11609,2026-03-12T18:00:00Z,advancement_entry
383,1,3,7364,2026-03-12T18:00:00Z,advancement_entry
384,1,3,12612,2026-03-12T18:00:00Z,event_import
385,1,3,6195,2026-03-12T18:00:00Z,event_import
386,1,3,918,2026-03-12T18:00:00Z,event_import
387,1,3,3093,2026-03-12T18:00:00Z,event_import
388,1,3,9057,2026-03-12T18:00:00Z,advancement_entry
389,1,3,12981,2026-03-12T18:00:00Z,event_import
390,1,3,2265,2026-03-12T18:00:00Z,event_import
391,1,3,8687,2026-03-12T18:00:00Z,event_import
392,1,3,9580,2026-03-12T18:00:00Z,event_import
393,1,3,19928,2026-03-12T18:00:00Z,event_import
394,1,3,7947,2026-03-12T18:00:00Z,advancement_entry
395,1,3,11312,2026-03-12T18:00:00Z,event_import
396,1,3,1023,2026-03-12T18:00:00Z,event_import
397,1,3,8552,2026-03-12T18:00:00Z,event_import
398,1,3,17988,2026-03-12T18:00:00Z,event_import
399,1,3,10265,2026-03-12T18:00:00Z,event_import
400,1,3,12153,2026-03-12T18:00:00Z,event_import
401,1,3,16022,2026-03-12T18:00:00Z,event_import
402,1,3,13349,2026-03-12T18:00:00Z,event_import
403,1,3,11718,2026-03-12T18:00:00Z,event_import
404,1,3,19611,2026-03-12T18:00:00Z,advancement_entry
405,1,3,15062,2026-03-12T18:00:00Z,event_import
406,1,3,7101,2026-03-12T18:00:00Z,event_import
407,1,3,8055,2026-03-12T18:00:00Z,event_import
408,1,3,8329,2026-03-12T18:00:00Z,event_import
409,1,3,19235,2026-03-12T18:00:00Z,event_import
410,1,3,18484,2026-03-12T18:00:00Z,event_import
411,1,3,9616,2026-03-12T18:00:00Z,advancement_entry
412,1,3,15239,2026-03-12T18:00:00Z,event_import
413,1,3,13446,2026-03-12T18:00:00Z,advancement_entry
414,1,3,4356,2026-03-12T18:00:00Z,advancement_entry
415,1,3,847,2026-03-12T18:00:00Z,event_import
416,1,3,10859,2026-03-12T18:00:00Z,event_import
417,1,3,11588,2026-03-12T18:00:00Z,event_import
418,1,3,3833,2026-03-12T18:00:00Z,event_import
419,1,3,564,2026-03-12T18:00:00Z,event_import
420,1,3,12803,2026-03-12T18:00:00Z,event_import
421,1,3,1592,2026-03-12T18:00:00Z,advancement_entry
422,1,3,7706,2026-03-12T18:00:00Z,event_import
423,1,3,3322,2026-03-12T18:00:00Z,event_import
424,1,3,1226,2026-03-12T18:00:00Z,event_import
425,1,3,6747,2026-03-12T18:00:00Z,advancement_entry
426,1,3,9764,2026-03-12T18:00:00Z,advancement_entry
427,1,3,7378,2026-03-12T18:00:00Z,advancement_entry
428,1,3,2460,2026-03-12T18:00:00Z,event_import
429,1,3,6391,2026-03-12T18:00:00Z,advancement_entry
430,1,3,13952,2026-03-12T18:00:00Z,event_import
431,1,3,1331,2026-03-12T18:00:00Z,event_import
432,1,3,16994,2026-03-12T18:00:00Z,advancement_entry
433,1,3,8312,2026-03-12T18:00:00Z,event_import
434,1,3,11788,2026-03-12T18:00:00Z,event_import
435,1,3,4512,2026-03-12T18:00:00Z,event_import
436,1,3,11378,2026-03-12T18:00:00Z,event_import
437,1,3,2980,2026-03-12T18:00:00Z,event_import
438,1,3,4150,2026-03-12T18:00:00Z,event_import
439,1,3,19536,2026-03-12T18:00:00Z,event_import
440,1,3,11656,2026-03-12T18:00:00Z,event_import
441,1,3,2723,2026-03-12T18:00:00Z,event_import
442,1,3,33,2026-03-12T18:00:00Z,event_import
443,1,3,14621,2026-03-12T18:00:00Z,event_import
444,1,3,13890,2026-03-12T18:00:00Z,advancement_entry
445,1,3,6915,2026-03-12T18:00:00Z,advancement_entry
446,1,3,5146,2026-03-12T18:00:00Z,event_import
447,1,3,2269,2026-03-12T18:00:00Z,event_import
448,1,3,6860,2026-03-12T18:00:00Z,event_import
449,1,3,6067,2026-03-12T18:00:00Z,event_import
450,1,3,11411,2026-03-12T18:00:00Z,event_import
451,1,3,533,2026-03-12T18:00:00Z,advancement_entry
452,1,3,7789,2026-03-12T18:00:00Z,advancement_entry
453,1,3,15470,2026-03-12T18:00:00Z,event_import
454,1,3,10970,2026-03-12T18:00:00Z,advancement_entry
455,1,3,18592,2026-03-12T18:00:00Z,advancement_entry
456,1,3,9315,2026-03-12T18:00:00Z,advancement_entry
457,1,3,12298,2026-03-12T18:00:00Z,event_import
458,1,3,3910,2026-03-12T18:00:00Z,advancement_entry
459,1,3,18599,2026-03-12T18:00:00Z,event_import
460,1,3,734,2026-03-12T18:00:00Z,advancement_entry
461,1,3,17066,2026-03-12T18:00:00Z,event_import
462,1,3,16990,2026-03-12T18:00:00Z,event_import
463,1,3,8802,2026-03-12T18:00:00Z,advancement_entry
464,1,3,4785,2026-03-12T18:00:00Z,advancement_entry
465,1,3,8629,2026-03-12T18:00:00Z,event_import
466,1,3,12500,2026-03-12T18:00:00Z,event_import
467,1,3,12019,2026-03-12T18:00:00Z,advancement_entry
468,1,3,15392,2026-03-12T18:00:00Z,advancement_entry
469,1,3,11055,2026-03-12T18:00:00Z,event_import
470,1,3,547,2026-03-12T18:00:00Z,event_import
471,1,3,3047,2026-03-12T18:00:00Z,event_import
472,1,3,9915,2026-03-12T18:00:00Z,event_import
473,1,3,471,2026-03-12T18:00:00Z,event_import
474,1,3,11720,2026-03-12T18:00:00Z,event_import
475,1,3,12713,2026-03-12T18:00:00Z,event_import
476,1,3,755,2026-03-12T18:00:00Z,event_import
477,1,3,9717,2026-03-12T18:00:00Z,advancement_entry
478,1,3,1219,2026-03-12T18:00:00Z,event_import
479,1,3,19485,2026-03-12T18:00:00Z,event_import
480,1,3,4238,2026-03-12T18:00:00Z,advancement_entry
481,1,3,9922,2026-03-12T18:00:00Z,advancement_entry
482,1,3,17499,2026-03-12T18:00:00Z,advancement_entry
483,1,3,19107,2026-03-12T18:00:00Z,event_import
484,1,3,11706,2026-03-12T18:00:00Z,advancement_entry
485,1,3,19262,2026-03-12T18:00:00Z,event_import
486,1,3,9458,2026-03-12T18:00:00Z,event_import
487,1,4,14032,2026-04-18T18:00:00Z,event_import
488,1,4,17988,2026-04-18T18:00:00Z,event_import
489,1,4,2548,2026-04-18T18:00:00Z,advancement_entry
490,1,4,9549,2026-04-18T18:00:00Z,advancement_entry
491,1,4,12153,2026-04-18T18:00:00Z,event_import
492,1,4,11609,2026-04-18T18:00:00Z,event_import
493,1,4,9389,2026-04-18T18:00:00Z,event_import
494,1,4,8848,2026-04-18T18:00:00Z,event_import
495,1,4,5823,2026-04-18T18:00:00Z,event_import
496,1,4,12981,2026-04-18T18:00:00Z,event_import
497,1,4,5472,2026-04-18T18:00:00Z,event_import
498,1,4,19873,2026-04-18T18:00:00Z,event_import
499,1,4,13349,2026-04-18T18:00:00Z,event_import
500,1,4,6427,2026-04-18T18:00:00Z,event_import
501,1,4,17288,2026-04-18T18:00:00Z,event_import
502,1,4,4886,2026-04-18T18:00:00Z,event_import
503,1,4,8257,2026-04-18T18:00:00Z,event_import
504,1,4,2980,2026-04-18T18:00:00Z,event_import
505,1,4,8854,2026-04-18T18:00:00Z,event_import
506,1,4,7197,2026-04-18T18:00:00Z,event_import
507,1,4,1987,2026-04-18T18:00:00Z,event_import
508,1,4,19005,2026-04-18T18:00:00Z,event_import
509,1,4,9060,2026-04-18T18:00:00Z,event_import
510,1,4,17237,2026-04-18T18:00:00Z,event_import
511,1,4,3387,2026-04-18T18:00:00Z,event_import
512,1,4,1039,2026-04-18T18:00:00Z,advancement_entry
513,1,4,9467,2026-04-18T18:00:00Z,event_import
514,1,4,17809,2026-04-18T18:00:00Z,event_import
515,1,4,16164,2026-04-18T18:00:00Z,event_import
516,1,4,498,2026-04-18T18:00:00Z,event_import
517,1,4,16835,2026-04-18T18:00:00Z,event_import
518,1,4,11193,2026-04-18T18:00:00Z,event_import
519,1,4,14608,2026-04-18T18:00:00Z,event_import
520,1,4,16385,2026-04-18T18:00:00Z,advancement_entry
521,1,4,7428,2026-04-18T18:00:00Z,event_import
522,1,4,7421,2026-04-18T18:00:00Z,event_import
523,1,4,3717,2026-04-18T18:00:00Z,event_import
524,1,4,9421,2026-04-18T18:00:00Z,advancement_entry
525,1,4,18674,2026-04-18T18:00:00Z,advancement_entry
526,1,4,12025,2026-04-18T18:00:00Z,event_import
527,1,4,12671,2026-04-18T18:00:00Z,event_import
528,1,4,17653,2026-04-18T18:00:00Z,event_import
529,1,4,13146,2026-04-18T18:00:00Z,event_import
530,1,4,5580,2026-04-18T18:00:00Z,advancement_entry
531,1,4,7773,2026-04-18T18:00:00Z,event_import
532,1,4,17078,2026-04-18T18:00:00Z,event_import
533,1,4,1989,2026-04-18T18:00:00Z,event_import
534,1,4,3583,2026-04-18T18:00:00Z,event_import
535,1,4,16531,2026-04-18T18:00:00Z,advancement_entry
536,1,4,17688,2026-04-18T18:00:00Z,event_import
537,1,4,2543,2026-04-18T18:00:00Z,advancement_entry
538,1,4,11704,2026-04-18T18:00:00Z,event_import
539,1,4,5849,2026-04-18T18:00:00Z,event_import
540,1,4,4943,2026-04-18T18:00:00Z,event_import
541,1,4,7963,2026-04-18T18:00:00Z,advancement_entry
542,1,4,7981,2026-04-18T18:00:00Z,event_import
543,1,4,7217,2026-04-18T18:00:00Z,advancement_entry
544,1,4,12953,2026-04-18T18:00:00Z,event_import
545,1,4,15865,2026-04-18T18:00:00Z,event_import
546,1,4,17731,2026-04-18T18:00:00Z,event_import
547,1,4,4372,2026-04-18T18:00:00Z,event_import
548,1,4,14150,2026-04-18T18:00:00Z,advancement_entry
549,1,4,16549,2026-04-18T18:00:00Z,event_import
550,1,4,786,2026-04-18T18:00:00Z,event_import
551,1,4,14170,2026-04-18T18:00:00Z,advancement_entry
552,1,4,11348,2026-04-18T18:00:00Z,event_import
553,1,4,14793,2026-04-18T18:00:00Z,event_import
554,1,4,13486,2026-04-18T18:00:00Z,event_import
555,1,4,11329,2026-04-18T18:00:00Z,event_import
556,1,4,3043,2026-04-18T18:00:00Z,event_import
557,1,4,18350,2026-04-18T18:00:00Z,event_import
558,1,4,2187,2026-04-18T18:00:00Z,event_import
559,1,4,596,2026-04-18T18:00:00Z,event_import
560,1,4,7142,2026-04-18T18:00:00Z,advancement_entry
561,1,4,17500,2026-04-18T18:00:00Z,event_import
562,1,4,13239,2026-04-18T18:00:00Z,event_import
563,1,4,8105,2026-04-18T18:00:00Z,event_import
564,1,4,3733,2026-04-18T18:00:00Z,event_import
565,1,4,10939,2026-04-18T18:00:00Z,advancement_entry
566,1,4,5009,2026-04-18T18:00:00Z,event_import
567,1,4,10163,2026-04-18T18:00:00Z,event_import
568,1,4,2568,2026-04-18T18:00:00Z,advancement_entry
569,1,4,10517,2026-04-18T18:00:00Z,advancement_entry
570,1,4,109,2026-04-18T18:00:00Z,event_import
571,1,5,17988,2026-05-02T18:00:00Z,event_import
572,1,5,12612,2026-05-02T18:00:00Z,event_import
573,1,5,12153,2026-05-02T18:00:00Z,event_import
574,1,5,11747,2026-05-02T18:00:00Z,advancement_entry
575,1,5,6391,2026-05-02T18:00:00Z,event_import
576,1,5,11706,2026-05-02T18:00:00Z,event_import
577,1,5,11188,2026-05-02T18:00:00Z,event_import
578,1,5,18854,2026-05-02T18:00:00Z,event_import
579,1,5,13946,2026-05-02T18:00:00Z,event_import
580,1,5,2482,2026-05-02T18:00:00Z,event_import
581,1,5,19795,2026-05-02T18:00:00Z,event_import
582,1,5,6241,2026-05-02T18:00:00Z,event_import
583,1,5,10986,2026-05-02T18:00:00Z,event_import
584,1,5,18350,2026-05-02T18:00:00Z,event_import
585,1,5,18965,2026-05-02T18:00:00Z,event_import
586,1,5,18013,2026-05-02T18:00:00Z,event_import
587,1,5,13531,2026-05-02T18:00:00Z,event_import
588,1,5,4644,2026-05-02T18:00:00Z,event_import
589,1,5,9549,2026-05-02T18:00:00Z,event_import
590,1,5,17731,2026-05-02T18:00:00Z,advancement_entry
591,1,5,17476,2026-05-02T18:00:00Z,advancement_entry
592,1,5,3387,2026-05-02T18:00:00Z,advancement_entry
593,1,5,13071,2026-05-02T18:00:00Z,advancement_entry
594,1,5,10548,2026-05-02T18:00:00Z,event_import
595,1,5,19928,2026-05-02T18:00:00Z,event_import
596,1,5,4033,2026-05-02T18:00:00Z,event_import
597,1,5,9915,2026-05-02T18:00:00Z,event_import
598,1,5,4983,2026-05-02T18:00:00Z,event_import
599,1,5,1330,2026-05-02T18:00:00Z,event_import
600,1,5,9188,2026-05-02T18:00:00Z,event_import
601,1,5,13850,2026-05-02T18:00:00Z,event_import
602,1,5,14082,2026-05-02T18:00:00Z,event_import
603,1,5,12000,2026-05-02T18:00:00Z,advancement_entry
604,1,5,10637,2026-05-02T18:00:00Z,event_import
605,1,5,9504,2026-05-02T18:00:00Z,event_import
606,1,5,11722,2026-05-02T18:00:00Z,event_import
607,1,5,4815,2026-05-02T18:00:00Z,event_import
608,1,5,15280,2026-05-02T18:00:00Z,event_import
609,1,5,3421,2026-05-02T18:00:00Z,event_import
610,1,5,13373,2026-05-02T18:00:00Z,advancement_entry
611,1,5,17702,2026-05-02T18:00:00Z,event_import
612,1,5,6011,2026-05-02T18:00:00Z,event_import
613,1,5,1512,2026-05-02T18:00:00Z,event_import
614,1,5,6076,2026-05-02T18:00:00Z,event_import
615,1,5,12446,2026-05-02T18:00:00Z,event_import
616,1,5,7381,2026-05-02T18:00:00Z,event_import
617,1,5,12223,2026-05-02T18:00:00Z,event_import
618,1,5,5368,2026-05-02T18:00:00Z,event_import
619,1,5,18326,2026-05-02T18:00:00Z,event_import
620,1,5,13450,2026-05-02T18:00:00Z,event_import
621,1,5,2465,2026-05-02T18:00:00Z,event_import
622,1,5,9072,2026-05-02T18:00:00Z,event_import
623,1,5,10051,2026-05-02T18:00:00Z,event_import
624,1,5,3948,2026-05-02T18:00:00Z,advancement_entry
625,1,5,14799,2026-05-02T18:00:00Z,event_import
626,1,5,1588,2026-05-02T18:00:00Z,event_import
627,1,5,13520,2026-05-02T18:00:00Z,event_import
628,1,5,2989,2026-05-02T18:00:00Z,event_import
629,1,5,1891,2026-05-02T18:00:00Z,event_import
630,1,5,5614,2026-05-02T18:00:00Z,event_import
631,1,5,4809,2026-05-02T18:00:00Z,event_import
632,1,5,5667,2026-05-02T18:00:00Z,event_import
633,1,5,1946,2026-05-02T18:00:00Z,event_import
634,1,5,3014,2026-05-02T18:00:00Z,event_import
635,1,5,17646,2026-05-02T18:00:00Z,event_import
636,1,5,6615,2026-05-02T18:00:00Z,event_import
637,1,5,1193,2026-05-02T18:00:00Z,event_import
638,1,5,19513,2026-05-02T18:00:00Z,advancement_entry
639,1,5,14177,2026-05-02T18:00:00Z,event_import
640,1,5,11674,2026-05-02T18:00:00Z,event_import
641,1,5,16771,2026-05-02T18:00:00Z,event_import
642,1,5,8391,2026-05-02T18:00:00Z,advancement_entry
643,1,5,11677,2026-05-02T18:00:00Z,advancement_entry
644,1,5,14020,2026-05-02T18:00:00Z,event_import
645,1,5,3786,2026-05-02T18:00:00Z,advancement_entry
646,1,5,14852,2026-05-02T18:00:00Z,event_import
647,1,5,12889,2026-05-02T18:00:00Z,event_import
648,1,5,1510,2026-05-02T18:00:00Z,event_import
649,1,5,5262,2026-05-02T18:00:00Z,event_import
650,1,5,16,2026-05-02T18:00:00Z,advancement_entry
651,1,5,14612,2026-05-02T18:00:00Z,advancement_entry
652,1,5,19522,2026-05-02T18:00:00Z,event_import
653,1,5,8735,2026-05-02T18:00:00Z,advancement_entry
654,1,5,16606,2026-05-02T18:00:00Z,advancement_entry
655,1,5,4687,2026-05-02T18:00:00Z,event_import
656,1,5,18012,2026-05-02T18:00:00Z,advancement_entry
657,1,5,10679,2026-05-02T18:00:00Z,event_import
658,1,5,19403,2026-05-02T18:00:00Z,event_import
659,1,5,13724,2026-05-02T18:00:00Z,event_import
660,1,5,3143,2026-05-02T18:00:00Z,event_import
661,1,5,5314,2026-05-02T18:00:00Z,event_import
662,1,5,6603,2026-05-02T18:00:00Z,event_import
663,1,5,3905,2026-05-02T18:00:00Z,event_import
664,1,5,3579,2026-05-02T18:00:00Z,event_import
665,1,5,9459,2026-05-02T18:00:00Z,event_import
666,1,5,18763,2026-05-02T18:00:00Z,event_import
667,1,5,7056,2026-05-02T18:00:00Z,event_import
668,1,5,17556,2026-05-02T18:00:00Z,event_import
669,1,5,2659,2026-05-02T18:00:00Z,event_import
670,1,5,5442,2026-05-02T18:00:00Z,advancement_entry
671,1,5,1586,2026-05-02T18:00:00Z,event_import
672,1,5,5413,2026-05-02T18:00:00Z,event_import
673,1,5,17220,2026-05-02T18:00:00Z,advancement_entry
674,1,5,6828,2026-05-02T18:00:00Z,advancement_entry
675,1,5,4701,2026-05-02T18:00:00Z,event_import
676,1,5,16166,2026-05-02T18:00:00Z,event_import
677,1,5,3370,2026-05-02T18:00:00Z,event_import
678,1,5,6963,2026-05-02T18:00:00Z,event_import
679,1,5,6655,2026-05-02T18:00:00Z,event_import
680,1,5,1643,2026-05-02T18:00:00Z,advancement_entry
681,1,5,11225,2026-05-02T18:00:00Z,event_import
682,1,5,9058,2026-05-02T18:00:00Z,advancement_entry
683,1,5,18099,2026-05-02T18:00:00Z,event_import
684,1,5,1153,2026-05-02T18:00:00Z,event_import
685,1,5,476,2026-05-02T18:00:00Z,event_import
686,1,5,6196,2026-05-02T18:00:00Z,event_import
687,1,5,223,2026-05-02T18:00:00Z,event_import
688,1,5,6479,2026-05-02T18:00:00Z,advancement_entry
689,1,5,6486,2026-05-02T18:00:00Z,event_import
690,1,5,5121,2026-05-02T18:00:00Z,advancement_entry
691,1,5,18740,2026-05-02T18:00:00Z,event_import
692,1,5,9159,2026-05-02T18:00:00Z,event_import
693,1,5,18390,2026-05-02T18:00:00Z,event_import
694,1,5,2165,2026-05-02T18:00:00Z,event_import
695,1,5,17546,2026-05-02T18:00:00Z,event_import
696,1,5,7842,2026-05-02T18:00:00Z,event_import
697,1,5,289,2026-05-02T18:00:00Z,advancement_entry
698,1,5,14768,2026-05-02T18:00:00Z,advancement_entry
699,1,5,17376,2026-05-02T18:00:00Z,event_import
700,1,5,15463,2026-05-02T18:00:00Z,event_import
701,1,5,6741,2026-05-02T18:00:00Z,event_import
702,1,5,19876,2026-05-02T18:00:00Z,event_import
703,1,5,18096,2026-05-02T18:00:00Z,event_import
704,1,5,8342,2026-05-02T18:00:00Z,event_import
705,1,5,2180,2026-05-02T18:00:00Z,advancement_entry
706,1,5,9381,2026-05-02T18:00:00Z,event_import
707,1,5,15275,2026-05-02T18:00:00Z,event_import
708,1,5,13592,2026-05-02T18:00:00Z,event_import
709,1,6,6427,2025-10-03T18:00:00Z,event_import
710,1,6,18013,2025-10-03T18:00:00Z,event_import
711,1,6,9057,2025-10-03T18:00:00Z,event_import
712,1,6,3481,2025-10-03T18:00:00Z,advancement_entry
713,1,6,2659,2025-10-03T18:00:00Z,event_import
714,1,6,7450,2025-10-03T18:00:00Z,event_import
715,1,6,17900,2025-10-03T18:00:00Z,advancement_entry
716,1,6,3377,2025-10-03T18:00:00Z,event_import
717,1,6,9690,2025-10-03T18:00:00Z,event_import
718,1,6,18141,2025-10-03T18:00:00Z,advancement_entry
719,1,6,18788,2025-10-03T18:00:00Z,event_import
720,1,6,12148,2025-10-03T18:00:00Z,event_import
721,1,6,16,2025-10-03T18:00:00Z,advancement_entry
722,1,6,11411,2025-10-03T18:00:00Z,advancement_entry
723,1,6,9922,2025-10-03T18:00:00Z,event_import
724,1,6,12000,2025-10-03T18:00:00Z,event_import
725,1,6,17288,2025-10-03T18:00:00Z,event_import
726,1,6,16385,2025-10-03T18:00:00Z,event_import
727,1,6,6631,2025-10-03T18:00:00Z,advancement_entry
728,1,6,9549,2025-10-03T18:00:00Z,event_import
729,1,6,18795,2025-10-03T18:00:00Z,event_import
730,1,6,5121,2025-10-03T18:00:00Z,event_import
731,1,6,3923,2025-10-03T18:00:00Z,event_import
732,1,6,3537,2025-10-03T18:00:00Z,event_import
733,1,6,3523,2025-10-03T18:00:00Z,event_import
734,1,6,7006,2025-10-03T18:00:00Z,advancement_entry
735,1,6,1557,2025-10-03T18:00:00Z,advancement_entry
736,1,6,6615,2025-10-03T18:00:00Z,event_import
737,1,6,1363,2025-10-03T18:00:00Z,event_import
738,1,6,6361,2025-10-03T18:00:00Z,advancement_entry
739,1,6,17324,2025-10-03T18:00:00Z,event_import
740,1,6,109,2025-10-03T18:00:00Z,event_import
741,1,6,2325,2025-10-03T18:00:00Z,event_import
742,1,6,10548,2025-10-03T18:00:00Z,event_import
743,1,6,1226,2025-10-03T18:00:00Z,event_import
744,1,6,7364,2025-10-03T18:00:00Z,advancement_entry
745,1,6,1588,2025-10-03T18:00:00Z,advancement_entry
746,1,6,1816,2025-10-03T18:00:00Z,advancement_entry
747,1,6,3322,2025-10-03T18:00:00Z,event_import
748,1,6,19107,2025-10-03T18:00:00Z,event_import
749,1,6,17500,2025-10-03T18:00:00Z,advancement_entry
750,1,6,16583,2025-10-03T18:00:00Z,event_import
751,1,6,19535,2025-10-03T18:00:00Z,event_import
752,1,6,847,2025-10-03T18:00:00Z,event_import
753,1,6,18560,2025-10-03T18:00:00Z,event_import
754,1,6,5067,2025-10-03T18:00:00Z,advancement_entry
755,1,6,9915,2025-10-03T18:00:00Z,event_import
756,1,6,12223,2025-10-03T18:00:00Z,event_import
757,1,6,1180,2025-10-03T18:00:00Z,advancement_entry
758,1,6,1039,2025-10-03T18:00:00Z,advancement_entry
759,1,6,10827,2025-10-03T18:00:00Z,advancement_entry
760,1,6,7217,2025-10-03T18:00:00Z,event_import
761,1,6,3922,2025-10-03T18:00:00Z,event_import
762,1,6,9580,2025-10-03T18:00:00Z,advancement_entry
763,1,6,11677,2025-10-03T18:00:00Z,event_import
764,1,6,13863,2025-10-03T18:00:00Z,event_import
765,1,6,7773,2025-10-03T18:00:00Z,event_import
766,1,6,1193,2025-10-03T18:00:00Z,event_import
767,1,6,8552,2025-10-03T18:00:00Z,advancement_entry
768,1,6,5982,2025-10-03T18:00:00Z,advancement_entry
769,1,6,2723,2025-10-03T18:00:00Z,event_import
770,1,6,16384,2025-10-03T18:00:00Z,advancement_entry
771,1,6,17969,2025-10-03T18:00:00Z,event_import
772,1,6,3143,2025-10-03T18:00:00Z,event_import
773,1,6,8793,2025-10-03T18:00:00Z,event_import
774,1,6,2460,2025-10-03T18:00:00Z,advancement_entry
775,1,6,8329,2025-10-03T18:00:00Z,event_import
776,1,6,6828,2025-10-03T18:00:00Z,event_import
777,1,6,2165,2025-10-03T18:00:00Z,event_import
778,1,6,14040,2025-10-03T18:00:00Z,event_import
779,1,6,16112,2025-10-03T18:00:00Z,event_import
780,1,6,9459,2025-10-03T18:00:00Z,event_import
781,1,6,18869,2025-10-03T18:00:00Z,event_import
782,1,6,11026,2025-10-03T18:00:00Z,event_import
783,1,6,1592,2025-10-03T18:00:00Z,event_import
784,1,6,538,2025-10-03T18:00:00Z,event_import
785,1,6,5520,2025-10-03T18:00:00Z,event_import
786,1,6,12025,2025-10-03T18:00:00Z,event_import
787,1,6,15741,2025-10-03T18:00:00Z,advancement_entry
788,1,6,5368,2025-10-03T18:00:00Z,event_import
789,1,6,16013,2025-10-03T18:00:00Z,event_import
790,1,6,10643,2025-10-03T18:00:00Z,event_import
791,1,6,14232,2025-10-03T18:00:00Z,event_import
792,1,6,14299,2025-10-03T18:00:00Z,advancement_entry
793,1,6,13239,2025-10-03T18:00:00Z,event_import
794,1,6,15485,2025-10-03T18:00:00Z,event_import
795,1,6,19875,2025-10-03T18:00:00Z,event_import
796,1,6,8342,2025-10-03T18:00:00Z,event_import
797,1,6,3733,2025-10-03T18:00:00Z,event_import
798,1,6,15894,2025-10-03T18:00:00Z,event_import
799,1,6,8105,2025-10-03T18:00:00Z,event_import
800,1,6,11945,2025-10-03T18:00:00Z,event_import
801,1,6,12171,2025-10-03T18:00:00Z,advancement_entry
802,1,6,16966,2025-10-03T18:00:00Z,advancement_entry
803,1,6,4238,2025-10-03T18:00:00Z,event_import
804,1,6,12876,2025-10-03T18:00:00Z,event_import
805,1,6,9523,2025-10-03T18:00:00Z,event_import
806,1,6,1321,2025-10-03T18:00:00Z,event_import
807,1,6,6011,2025-10-03T18:00:00Z,event_import
808,1,6,7685,2025-10-03T18:00:00Z,event_import
809,1,6,11317,2025-10-03T18:00:00Z,event_import
810,1,6,11055,2025-10-03T18:00:00Z,event_import
811,1,6,19401,2025-10-03T18:00:00Z,event_import
812,1,6,8731,2025-10-03T18:00:00Z,advancement_entry
813,1,6,17702,2025-10-03T18:00:00Z,event_import
814,1,6,14615,2025-10-03T18:00:00Z,advancement_entry
815,1,6,19611,2025-10-03T18:00:00Z,advancement_entry
816,1,6,4219,2025-10-03T18:00:00Z,event_import
817,1,6,9435,2025-10-03T18:00:00Z,event_import
818,1,6,19637,2025-10-03T18:00:00Z,advancement_entry
819,1,6,4196,2025-10-03T18:00:00Z,event_import
820,1,6,10333,2025-10-03T18:00:00Z,advancement_entry
821,1,6,3107,2025-10-03T18:00:00Z,event_import
822,1,6,10863,2025-10-03T18:00:00Z,event_import
823,1,6,17941,2025-10-03T18:00:00Z,event_import
824,1,6,9584,2025-10-03T18:00:00Z,advancement_entry
825,1,6,3618,2025-10-03T18:00:00Z,event_import
826,1,6,11194,2025-10-03T18:00:00Z,event_import
827,1,6,11472,2025-10-03T18:00:00Z,advancement_entry
828,1,6,10722,2025-10-03T18:00:00Z,event_import
829,1,6,3782,2025-10-03T18:00:00Z,event_import
830,1,6,6085,2025-10-03T18:00:00Z,event_import
831,1,6,7982,2025-10-03T18:00:00Z,event_import
832,1,6,14174,2025-10-03T18:00:00Z,event_import
833,1,6,5882,2025-10-03T18:00:00Z,advancement_entry
834,1,6,7015,2025-10-03T18:00:00Z,advancement_entry
835,1,6,4578,2025-10-03T18:00:00Z,event_import
836,1,6,3184,2025-10-03T18:00:00Z,advancement_entry
837,1,6,16912,2025-10-03T18:00:00Z,event_import
838,1,6,17297,2025-10-03T18:00:00Z,event_import
839,1,6,8484,2025-10-03T18:00:00Z,event_import
840,1,6,8835,2025-10-03T18:00:00Z,advancement_entry
841,1,6,3986,2025-10-03T18:00:00Z,event_import
842,1,6,15153,2025-10-03T18:00:00Z,event_import
843,1,6,19612,2025-10-03T18:00:00Z,event_import
844,1,6,4095,2025-10-03T18:00:00Z,event_import
845,1,6,15252,2025-10-03T18:00:00Z,event_import
846,1,6,337,2025-10-03T18:00:00Z,event_import
847,1,6,16431,2025-10-03T18:00:00Z,event_import
848,1,6,5400,2025-10-03T18:00:00Z,event_import
849,1,6,2940,2025-10-03T18:00:00Z,event_import
850,1,6,11083,2025-10-03T18:00:00Z,advancement_entry
851,1,6,9923,2025-10-03T18:00:00Z,event_import
852,1,6,6375,2025-10-03T18:00:00Z,advancement_entry
853,1,6,17232,2025-10-03T18:00:00Z,advancement_entry
854,1,6,6072,2025-10-03T18:00:00Z,advancement_entry
855,1,6,2410,2025-10-03T18:00:00Z,event_import
856,1,6,17042,2025-10-03T18:00:00Z,event_import
857,1,6,18811,2025-10-03T18:00:00Z,event_import
858,1,6,2404,2025-10-03T18:00:00Z,advancement_entry
859,1,6,2864,2025-10-03T18:00:00Z,event_import
860,1,6,1978,2025-10-03T18:00:00Z,event_import
861,1,6,19276,2025-10-03T18:00:00Z,event_import
862,1,6,5056,2025-10-03T18:00:00Z,event_import
863,1,6,11401,2025-10-03T18:00:00Z,advancement_entry
864,1,6,9479,2025-10-03T18:00:00Z,event_import
865,1,6,7660,2025-10-03T18:00:00Z,event_import
866,1,6,17726,2025-10-03T18:00:00Z,event_import
867,1,6,938,2025-10-03T18:00:00Z,event_import
868,1,6,13380,2025-10-03T18:00:00Z,event_import
869,1,6,885,2025-10-03T18:00:00Z,event_import
870,1,6,7664,2025-10-03T18:00:00Z,event_import
871,1,6,18443,2025-10-03T18:00:00Z,event_import
872,1,6,17966,2025-10-03T18:00:00Z,event_import
873,1,6,17330,2025-10-03T18:00:00Z,advancement_entry
874,1,6,4707,2025-10-03T18:00:00Z,event_import
875,1,6,15885,2025-10-03T18:00:00Z,event_import
876,1,6,4712,2025-10-03T18:00:00Z,advancement_entry
877,1,6,9413,2025-10-03T18:00:00Z,advancement_entry
878,1,6,8182,2025-10-03T18:00:00Z,event_import
879,1,6,84,2025-10-03T18:00:00Z,event_import
880,1,6,6035,2025-10-03T18:00:00Z,event_import
881,1,6,7845,2025-10-03T18:00:00Z,advancement_entry
882,1,6,17031,2025-10-03T18:00:00Z,event_import
883,1,6,6747,2025-10-03T18:00:00Z,event_import
884,1,6,6928,2025-10-03T18:00:00Z,event_import
885,1,6,16405,2025-10-03T18:00:00Z,event_import
886,1,6,4378,2025-10-03T18:00:00Z,event_import
887,1,6,2205,2025-10-03T18:00:00Z,event_import
888,1,6,2453,2025-10-03T18:00:00Z,event_import
889,1,6,10091,2025-10-03T18:00:00Z,advancement_entry
890,1,6,12767,2025-10-03T18:00:00Z,advancement_entry
891,1,6,18499,2025-10-03T18:00:00Z,advancement_entry
892,1,6,18481,2025-10-03T18:00:00Z,event_import
893,1,6,10037,2025-10-03T18:00:00Z,event_import
894,1,6,2941,2025-10-03T18:00:00Z,event_import
895,1,6,6766,2025-10-03T18:00:00Z,event_import
896,1,6,12905,2025-10-03T18:00:00Z,advancement_entry
897,1,6,11536,2025-10-03T18:00:00Z,event_import
898,1,6,6649,2025-10-03T18:00:00Z,event_import
899,1,6,3110,2025-10-03T18:00:00Z,event_import
900,1,6,6844,2025-10-03T18:00:00Z,event_import
901,1,6,11547,2025-10-03T18:00:00Z,event_import
902,1,6,13944,2025-10-03T18:00:00Z,event_import
903,1,6,8095,2025-10-03T18:00:00Z,event_import
904,1,6,16907,2025-10-03T18:00:00Z,event_import
905,1,6,10479,2025-10-03T18:00:00Z,advancement_entry
906,1,6,12457,2025-10-03T18:00:00Z,event_import
907,1,6,17479,2025-10-03T18:00:00Z,event_import
908,1,6,7542,2025-10-03T18:00:00Z,event_import
909,1,6,4906,2025-10-03T18:00:00Z,event_import
910,1,6,14131,2025-10-03T18:00:00Z,event_import
911,1,6,9538,2025-10-03T18:00:00Z,event_import
912,1,6,370,2025-10-03T18:00:00Z,event_import
913,1,6,8145,2025-10-03T18:00:00Z,event_import
914,1,6,12712,2025-10-03T18:00:00Z,event_import
915,1,6,18478,2025-10-03T18:00:00Z,event_import
916,1,6,17553,2025-10-03T18:00:00Z,advancement_entry
917,1,6,4971,2025-10-03T18:00:00Z,event_import
918,1,6,18081,2025-10-03T18:00:00Z,event_import
919,1,6,15648,2025-10-03T18:00:00Z,advancement_entry
920,1,6,5672,2025-10-03T18:00:00Z,event_import
921,1,6,10305,2025-10-03T18:00:00Z,event_import
922,1,6,14786,2025-10-03T18:00:00Z,advancement_entry
923,1,6,5315,2025-10-03T18:00:00Z,event_import
924,1,6,18315,2025-10-03T18:00:00Z,event_import
925,1,6,14433,2025-10-03T18:00:00Z,event_import
926,1,6,4499,2025-10-03T18:00:00Z,advancement_entry
927,1,6,6577,2025-10-03T18:00:00Z,event_import
928,1,6,15012,2025-10-03T18:00:00Z,event_import
929,1,6,1873,2025-10-03T18:00:00Z,advancement_entry
930,1,6,15355,2025-10-03T18:00:00Z,event_import
931,1,6,17917,2025-10-03T18:00:00Z,event_import
932,1,6,8107,2025-10-03T18:00:00Z,event_import
933,1,6,10855,2025-10-03T18:00:00Z,event_import
934,1,6,5039,2025-10-03T18:00:00Z,event_import
935,1,6,19341,2025-10-03T18:00:00Z,advancement_entry
936,1,6,16367,2025-10-03T18:00:00Z,event_import
937,1,6,9022,2025-10-03T18:00:00Z,event_import
938,1,6,1299,2025-10-03T18:00:00Z,event_import
939,1,6,2272,2025-10-03T18:00:00Z,advancement_entry
940,1,6,18864,2025-10-03T18:00:00Z,advancement_entry
941,1,6,14264,2025-10-03T18:00:00Z,advancement_entry
942,1,6,3981,2025-10-03T18:00:00Z,event_import
943,1,6,6494,2025-10-03T18:00:00Z,event_import
944,1,6,12403,2025-10-03T18:00:00Z,event_import
945,1,6,9049,2025-10-03T18:00:00Z,event_import
946,1,6,11134,2025-10-03T18:00:00Z,event_import
947,1,6,9223,2025-10-03T18:00:00Z,event_import
948,1,6,6885,2025-10-03T18:00:00Z,advancement_entry
949,1,6,11776,2025-10-03T18:00:00Z,event_import
950,1,6,17224,2025-10-03T18:00:00Z,event_import
951,1,6,3051,2025-10-03T18:00:00Z,event_import
952,1,6,11281,2025-10-03T18:00:00Z,advancement_entry
953,1,6,6202,2025-10-03T18:00:00Z,advancement_entry
954,1,6,12161,2025-10-03T18:00:00Z,event_import
955,1,6,8236,2025-10-03T18:00:00Z,event_import
956,1,6,19274,2025-10-03T18:00:00Z,advancement_entry
957,1,6,15315,2025-10-03T18:00:00Z,event_import
958,1,6,1329,2025-10-03T18:00:00Z,event_import
959,1,6,3156,2025-10-03T18:00:00Z,event_import
960,1,6,10620,2025-10-03T18:00:00Z,event_import
961,1,6,19661,2025-10-03T18:00:00Z,advancement_entry
962,1,6,14141,2025-10-03T18:00:00Z,event_import
963,1,6,9955,2025-10-03T18:00:00Z,advancement_entry
964,1,6,13675,2025-10-03T18:00:00Z,event_import
965,1,6,12505,2025-10-03T18:00:00Z,advancement_entry
966,1,6,18243,2025-10-03T18:00:00Z,event_import
967,1,6,13662,2025-10-03T18:00:00Z,event_import
968,1,6,3467,2025-10-03T18:00:00Z,advancement_entry
969,1,6,5524,2025-10-03T18:00:00Z,event_import
970,1,6,998,2025-10-03T18:00:00Z,event_import
971,1,6,17622,2025-10-03T18:00:00Z,event_import
972,1,6,7900,2025-10-03T18:00:00Z,event_import
973,1,6,1229,2025-10-03T18:00:00Z,advancement_entry
974,1,6,10066,2025-10-03T18:00:00Z,event_import
975,1,6,8101,2025-10-03T18:00:00Z,event_import
976,1,6,11062,2025-10-03T18:00:00Z,event_import
977,1,6,3771,2025-10-03T18:00:00Z,event_import
978,1,6,4429,2025-10-03T18:00:00Z,advancement_entry
979,1,6,19862,2025-10-03T18:00:00Z,event_import
980,1,6,2645,2025-10-03T18:00:00Z,event_import
981,1,6,9473,2025-10-03T18:00:00Z,event_import
982,1,6,2701,2025-10-03T18:00:00Z,advancement_entry
983,1,6,8752,2025-10-03T18:00:00Z,event_import
984,1,6,14239,2025-10-03T18:00:00Z,advancement_entry
985,1,6,19059,2025-10-03T18:00:00Z,advancement_entry
986,1,6,16886,2025-10-03T18:00:00Z,event_import
987,1,6,11900,2025-10-03T18:00:00Z,event_import
988,1,6,3476,2025-10-03T18:00:00Z,event_import
989,1,6,14114,2025-10-03T18:00:00Z,event_import
990,1,6,6501,2025-10-03T18:00:00Z,event_import
991,1,6,7804,2025-10-03T18:00:00Z,advancement_entry
992,1,6,4575,2025-10-03T18:00:00Z,event_import
993,1,6,12491,2025-10-03T18:00:00Z,event_import
994,1,6,5553,2025-10-03T18:00:00Z,event_import
995,1,6,14673,2025-10-03T18:00:00Z,event_import
996,1,6,2134,2025-10-03T18:00:00Z,event_import
997,1,6,3004,2025-10-03T18:00:00Z,event_import
998,1,6,6129,2025-10-03T18:00:00Z,event_import
999,1,6,4574,2025-10-03T18:00:00Z,advancement_entry
1000,1,6,2828,2025-10-03T18:00:00Z,event_import
1001,1,6,1215,2025-10-03T18:00:00Z,event_import
1002,1,6,9832,2025-10-03T18:00:00Z,event_import
1003,1,6,6136,2025-10-03T18:00:00Z,event_import
1004,1,6,8936,2025-10-03T18:00:00Z,advancement_entry
1005,1,6,485,2025-10-03T18:00:00Z,advancement_entry
1006,1,6,14668,2025-10-03T18:00:00Z,event_import
1007,1,6,4268,2025-10-03T18:00:00Z,event_import
1008,1,6,18546,2025-10-03T18:00:00Z,event_import
1009,1,6,2758,2025-10-03T18:00:00Z,event_import
1010,1,6,12769,2025-10-03T18:00:00Z,event_import
1011,1,6,19207,2025-10-03T18:00:00Z,event_import
1012,1,6,19120,2025-10-03T18:00:00Z,event_import
1013,1,6,15304,2025-10-03T18:00:00Z,event_import
1014,1,6,8327,2025-10-03T18:00:00Z,event_import
1015,1,6,11785,2025-10-03T18:00:00Z,event_import
1016,1,6,17531,2025-10-03T18:00:00Z,event_import
1017,1,6,3857,2025-10-03T18:00:00Z,event_import
1018,1,6,14431,2025-10-03T18:00:00Z,advancement_entry
1019,1,6,15056,2025-10-03T18:00:00Z,advancement_entry
1020,1,6,16702,2025-10-03T18:00:00Z,advancement_entry
1021,1,6,3295,2025-10-03T18:00:00Z,advancement_entry
1022,1,6,6915,2025-10-03T18:00:00Z,advancement_entry
1023,1,6,5538,2025-10-03T18:00:00Z,advancement_entry
1024,1,6,12020,2025-10-03T18:00:00Z,event_import
1025,1,6,12621,2025-10-03T18:00:00Z,event_import
1026,1,6,17513,2025-10-03T18:00:00Z,event_import
1027,1,6,7710,2025-10-03T18:00:00Z,advancement_entry
1028,1,6,11685,2025-10-03T18:00:00Z,event_import
1029,1,6,5085,2025-10-03T18:00:00Z,advancement_entry
1030,1,6,1464,2025-10-03T18:00:00Z,event_import
1031,1,6,7671,2025-10-03T18:00:00Z,event_import
1032,1,6,14836,2025-10-03T18:00:00Z,event_import
1033,1,6,12529,2025-10-03T18:00:00Z,advancement_entry
1034,1,6,7847,2025-10-03T18:00:00Z,event_import
1035,1,6,4342,2025-10-03T18:00:00Z,event_import
1036,1,6,15341,2025-10-03T18:00:00Z,advancement_entry
1037,1,6,14807,2025-10-03T18:00:00Z,advancement_entry
1038,1,6,18296,2025-10-03T18:00:00Z,event_import
1039,1,6,6017,2025-10-03T18:00:00Z,event_import
1040,1,6,19662,2025-10-03T18:00:00Z,event_import
1041,1,6,12923,2025-10-03T18:00:00Z,event_import
1042,1,6,9528,2025-10-03T18:00:00Z,event_import
1043,1,6,11266,2025-10-03T18:00:00Z,advancement_entry
1044,1,6,4976,2025-10-03T18:00:00Z,advancement_entry
1045,1,6,10236,2025-10-03T18:00:00Z,event_import
1046,1,6,473,2025-10-03T18:00:00Z,event_import
1047,1,6,15010,2025-10-03T18:00:00Z,event_import
1048,1,6,19922,2025-10-03T18:00:00Z,advancement_entry
1049,1,6,19576,2025-10-03T18:00:00Z,advancement_entry
1050,1,6,18124,2025-10-03T18:00:00Z,event_import
1051,1,6,8451,2025-10-03T18:00:00Z,event_import
1052,1,6,6287,2025-10-03T18:00:00Z,event_import
1053,1,6,16555,2025-10-03T18:00:00Z,advancement_entry
1054,1,6,13898,2025-10-03T18:00:00Z,event_import
1055,1,6,4184,2025-10-03T18:00:00Z,advancement_entry
1056,1,6,7202,2025-10-03T18:00:00Z,event_import
1057,1,6,16380,2025-10-03T18:00:00Z,advancement_entry
1058,1,6,13234,2025-10-03T18:00:00Z,event_import
1059,1,6,10974,2025-10-03T18:00:00Z,event_import
1060,1,6,12041,2025-10-03T18:00:00Z,event_import
1061,1,6,759,2025-10-03T18:00:00Z,event_import
1062,1,6,6763,2025-10-03T18:00:00Z,advancement_entry
1063,1,6,683,2025-10-03T18:00:00Z,event_import
1064,1,6,915,2025-10-03T18:00:00Z,event_import
1065,1,6,18853,2025-10-03T18:00:00Z,event_import
1066,1,6,3787,2025-10-03T18:00:00Z,advancement_entry
1067,1,6,1091,2025-10-03T18:00:00Z,event_import
1068,1,6,2637,2025-10-03T18:00:00Z,advancement_entry
1069,1,6,19388,2025-10-03T18:00:00Z,event_import
1070,1,6,9848,2025-10-03T18:00:00Z,event_import
1071,1,6,10950,2025-10-03T18:00:00Z,event_import
1072,1,6,2431,2025-10-03T18:00:00Z,advancement_entry
1073,1,6,14041,2025-10-03T18:00:00Z,advancement_entry
1074,1,6,8409,2025-10-03T18:00:00Z,event_import
1075,1,6,3728,2025-10-03T18:00:00Z,advancement_entry
1076,1,6,10368,2025-10-03T18:00:00Z,event_import
1077,1,6,13869,2025-10-03T18:00:00Z,event_import
1078,1,6,17412,2025-10-03T18:00:00Z,event_import
1079,1,6,5746,2025-10-03T18:00:00Z,event_import
1080,1,6,11237,2025-10-03T18:00:00Z,advancement_entry
1081,1,6,5440,2025-10-03T18:00:00Z,event_import
1082,1,6,1657,2025-10-03T18:00:00Z,event_import
1083,1,6,5966,2025-10-03T18:00:00Z,event_import
1084,1,6,3136,2025-10-03T18:00:00Z,event_import
1085,1,6,5123,2025-10-03T18:00:00Z,advancement_entry
1086,1,6,10317,2025-10-03T18:00:00Z,event_import
1087,1,6,3370,2025-10-03T18:00:00Z,advancement_entry
1088,1,6,8308,2025-10-03T18:00:00Z,event_import
1089,1,6,11766,2025-10-03T18:00:00Z,advancement_entry
1090,1,6,11360,2025-10-03T18:00:00Z,event_import
1091,1,6,13555,2025-10-03T18:00:00Z,event_import
1092,1,6,12380,2025-10-03T18:00:00Z,advancement_entry
1093,1,6,2112,2025-10-03T18:00:00Z,event_import
1094,1,6,10189,2025-10-03T18:00:00Z,event_import
1095,1,6,2675,2025-10-03T18:00:00Z,event_import
1096,1,6,9035,2025-10-03T18:00:00Z,advancement_entry
1097,1,6,7893,2025-10-03T18:00:00Z,event_import
1098,1,6,18474,2025-10-03T18:00:00Z,event_import
1099,1,6,9985,2025-10-03T18:00:00Z,event_import
1100,1,6,13541,2025-10-03T18:00:00Z,advancement_entry
1101,1,6,1313,2025-10-03T18:00:00Z,event_import
1102,1,6,4781,2025-10-03T18:00:00Z,event_import
1103,1,6,11635,2025-10-03T18:00:00Z,event_import
1104,1,6,3739,2025-10-03T18:00:00Z,event_import
1105,1,6,1037,2025-10-03T18:00:00Z,event_import
1106,1,6,17399,2025-10-03T18:00:00Z,event_import
1107,1,6,14918,2025-10-03T18:00:00Z,advancement_entry
1108,1,6,6360,2025-10-03T18:00:00Z,advancement_entry
1109,1,6,5270,2025-10-03T18:00:00Z,event_import
1110,1,6,19068,2025-10-03T18:00:00Z,event_import
1111,1,6,12243,2025-10-03T18:00:00Z,advancement_entry
1112,1,6,3740,2025-10-03T18:00:00Z,event_import
1113,1,6,2771,2025-10-03T18:00:00Z,advancement_entry
1114,1,6,19876,2025-10-03T18:00:00Z,event_import
1115,1,6,17532,2025-10-03T18:00:00Z,event_import
1116,1,6,19588,2025-10-03T18:00:00Z,event_import
1117,1,6,9517,2025-10-03T18:00:00Z,event_import
1118,1,6,4808,2025-10-03T18:00:00Z,event_import
1119,1,6,232,2025-10-03T18:00:00Z,advancement_entry
1120,1,6,18308,2025-10-03T18:00:00Z,event_import
1121,1,6,7246,2025-10-03T18:00:00Z,advancement_entry
1122,1,6,14975,2025-10-03T18:00:00Z,event_import
1123,1,6,17419,2025-10-03T18:00:00Z,advancement_entry
1124,1,6,6256,2025-10-03T18:00:00Z,event_import
1125,1,6,15911,2025-10-03T18:00:00Z,advancement_entry
1126,1,6,1630,2025-10-03T18:00:00Z,advancement_entry
1127,1,6,18069,2025-10-03T18:00:00Z,event_import
1128,1,6,18339,2025-10-03T18:00:00Z,advancement_entry
1129,1,6,1517,2025-10-03T18:00:00Z,event_import
1130,1,6,13514,2025-10-03T18:00:00Z,event_import
1131,1,6,3867,2025-10-03T18:00:00Z,event_import
1132,1,6,16939,2025-10-03T18:00:00Z,event_import
1133,1,6,6279,2025-10-03T18:00:00Z,advancement_entry
1134,1,6,18950,2025-10-03T18:00:00Z,advancement_entry
1135,1,6,11293,2025-10-03T18:00:00Z,event_import
1136,1,6,5822,2025-10-03T18:00:00Z,advancement_entry
1137,1,6,6245,2025-10-03T18:00:00Z,event_import
1138,1,6,19260,2025-10-03T18:00:00Z,event_import
1139,1,6,11546,2025-10-03T18:00:00Z,event_import
1140,1,6,10738,2025-10-03T18:00:00Z,event_import
1141,1,6,12730,2025-10-03T18:00:00Z,advancement_entry
1142,1,6,13173,2025-10-03T18:00:00Z,event_import
1143,1,6,19377,2025-10-03T18:00:00Z,event_import
1144,1,6,9116,2025-10-03T18:00:00Z,event_import
1145,1,6,942,2025-10-03T18:00:00Z,event_import
1146,1,6,10231,2025-10-03T18:00:00Z,event_import
1147,1,6,11828,2025-10-03T18:00:00Z,event_import
1148,1,6,16082,2025-10-03T18:00:00Z,event_import
1149,1,6,4064,2025-10-03T18:00:00Z,event_import
1150,1,6,17071,2025-10-03T18:00:00Z,event_import
1151,1,6,10362,2025-10-03T18:00:00Z,event_import
1152,1,6,18053,2025-10-03T18:00:00Z,event_import
1153,1,6,7516,2025-10-03T18:00:00Z,event_import
1154,1,6,8343,2025-10-03T18:00:00Z,event_import
1155,1,6,10525,2025-10-03T18:00:00Z,event_import
1156,1,6,6658,2025-10-03T18:00:00Z,event_import
1157,1,6,4206,2025-10-03T18:00:00Z,event_import
1158,1,6,19329,2025-10-03T18:00:00Z,event_import
1159,1,6,772,2025-10-03T18:00:00Z,advancement_entry
1160,1,6,14735,2025-10-03T18:00:00Z,event_import
1161,1,6,4345,2025-10-03T18:00:00Z,event_import
1162,1,6,11774,2025-10-03T18:00:00Z,event_import
1163,1,6,10616,2025-10-03T18:00:00Z,event_import
1164,1,6,17910,2025-10-03T18:00:00Z,event_import
1165,1,6,3452,2025-10-03T18:00:00Z,event_import
1166,1,6,12044,2025-10-03T18:00:00Z,event_import
1167,1,6,15213,2025-10-03T18:00:00Z,event_import
1168,1,6,31,2025-10-03T18:00:00Z,event_import
1169,1,6,8448,2025-10-03T18:00:00Z,event_import
1170,1,6,11992,2025-10-03T18:00:00Z,advancement_entry
1171,1,6,19606,2025-10-03T18:00:00Z,event_import
1172,1,6,14347,2025-10-03T18:00:00Z,advancement_entry
1173,1,6,91,2025-10-03T18:00:00Z,advancement_entry
1174,1,6,13792,2025-10-03T18:00:00Z,event_import
1175,1,6,15072,2025-10-03T18:00:00Z,event_import
1176,1,6,5715,2025-10-03T18:00:00Z,advancement_entry
1177,1,6,11045,2025-10-03T18:00:00Z,event_import
1178,1,6,19618,2025-10-03T18:00:00Z,advancement_entry
1179,1,6,14814,2025-10-03T18:00:00Z,event_import
1180,1,6,1451,2025-10-03T18:00:00Z,event_import
1181,1,6,9695,2025-10-03T18:00:00Z,event_import
1182,1,6,8630,2025-10-03T18:00:00Z,event_import
1183,1,6,6382,2025-10-03T18:00:00Z,advancement_entry
1184,1,6,18912,2025-10-03T18:00:00Z,event_import
1185,1,6,18999,2025-10-03T18:00:00Z,event_import
1186,1,6,2085,2025-10-03T18:00:00Z,advancement_entry
1187,1,6,17573,2025-10-03T18:00:00Z,advancement_entry
1188,1,6,10778,2025-10-03T18:00:00Z,event_import
1189,1,6,9717,2025-10-03T18:00:00Z,event_import
1190,1,6,6805,2025-10-03T18:00:00Z,advancement_entry
1191,1,6,17200,2025-10-03T18:00:00Z,advancement_entry
1192,1,6,10082,2025-10-03T18:00:00Z,event_import
1193,1,6,10845,2025-10-03T18:00:00Z,event_import
1194,1,6,2705,2025-10-03T18:00:00Z,event_import
1195,1,6,15411,2025-10-03T18:00:00Z,event_import
1196,1,6,12140,2025-10-03T18:00:00Z,advancement_entry
1197,1,6,3614,2025-10-03T18:00:00Z,event_import
1198,1,6,8040,2025-10-03T18:00:00Z,event_import
1199,1,6,11068,2025-10-03T18:00:00Z,event_import
1200,1,7,18999,2025-12-05T18:00:00Z,event_import
1201,1,7,2482,2025-12-05T18:00:00Z,advancement_entry
1202,1,7,12876,2025-12-05T18:00:00Z,event_import
1203,1,7,12019,2025-12-05T18:00:00Z,event_import
1204,1,7,14975,2025-12-05T18:00:00Z,event_import
1205,1,7,15153,2025-12-05T18:00:00Z,advancement_entry
1206,1,7,9848,2025-12-05T18:00:00Z,event_import
1207,1,7,9985,2025-12-05T18:00:00Z,event_import
1208,1,7,3583,2025-12-05T18:00:00Z,advancement_entry
1209,1,7,13520,2025-12-05T18:00:00Z,advancement_entry
1210,1,7,16384,2025-12-05T18:00:00Z,event_import
1211,1,7,2705,2025-12-05T18:00:00Z,advancement_entry
1212,1,7,6036,2025-12-05T18:00:00Z,event_import
1213,1,7,15239,2025-12-05T18:00:00Z,advancement_entry
1214,1,7,11687,2025-12-05T18:00:00Z,advancement_entry
1215,1,7,14131,2025-12-05T18:00:00Z,event_import
1216,1,7,15463,2025-12-05T18:00:00Z,advancement_entry
1217,1,7,6985,2025-12-05T18:00:00Z,advancement_entry
1218,1,7,19522,2025-12-05T18:00:00Z,event_import
1219,1,7,11828,2025-12-05T18:00:00Z,advancement_entry
1220,1,7,11281,2025-12-05T18:00:00Z,event_import
1221,1,7,19795,2025-12-05T18:00:00Z,event_import
1222,1,7,9435,2025-12-05T18:00:00Z,advancement_entry
1223,1,7,5180,2025-12-05T18:00:00Z,advancement_entry
1224,1,7,19576,2025-12-05T18:00:00Z,event_import
1225,1,7,14347,2025-12-05T18:00:00Z,advancement_entry
1226,1,7,17688,2025-12-05T18:00:00Z,event_import
1227,1,7,19800,2025-12-05T18:00:00Z,advancement_entry
1228,1,7,17553,2025-12-05T18:00:00Z,event_import
1229,1,7,12803,2025-12-05T18:00:00Z,event_import
1230,1,7,16244,2025-12-05T18:00:00Z,event_import
1231,1,7,12529,2025-12-05T18:00:00Z,event_import
1232,1,7,8055,2025-12-05T18:00:00Z,event_import
1233,1,7,10037,2025-12-05T18:00:00Z,advancement_entry
1234,1,7,14735,2025-12-05T18:00:00Z,advancement_entry
1235,1,7,11062,2025-12-05T18:00:00Z,event_import
1236,1,7,4184,2025-12-05T18:00:00Z,event_import
1237,1,7,13555,2025-12-05T18:00:00Z,event_import
1238,1,7,7238,2025-12-05T18:00:00Z,event_import
1239,1,7,4206,2025-12-05T18:00:00Z,advancement_entry
1240,1,7,3948,2025-12-05T18:00:00Z,event_import
1241,1,7,16508,2025-12-05T18:00:00Z,advancement_entry
1242,1,7,10855,2025-12-05T18:00:00Z,event_import
1243,1,7,6382,2025-12-05T18:00:00Z,event_import
1244,1,7,7438,2025-12-05T18:00:00Z,event_import
1245,1,7,9143,2025-12-05T18:00:00Z,advancement_entry
1246,1,7,13188,2025-12-05T18:00:00Z,advancement_entry
1247,1,7,16120,2025-12-05T18:00:00Z,event_import
1248,1,7,19189,2025-12-05T18:00:00Z,event_import
1249,1,7,17910,2025-12-05T18:00:00Z,event_import
1250,1,7,7712,2025-12-05T18:00:00Z,event_import
1251,1,7,13921,2025-12-05T18:00:00Z,event_import
1252,1,7,17326,2025-12-05T18:00:00Z,event_import
1253,1,7,11995,2025-12-05T18:00:00Z,event_import
1254,1,7,7819,2025-12-05T18:00:00Z,advancement_entry
1255,1,7,19594,2025-12-05T18:00:00Z,advancement_entry
1256,1,7,4379,2025-12-05T18:00:00Z,event_import
1257,1,7,11358,2025-12-05T18:00:00Z,event_import
1258,1,7,18389,2025-12-05T18:00:00Z,event_import
1259,1,7,5776,2025-12-05T18:00:00Z,event_import
1260,1,7,8959,2025-12-05T18:00:00Z,event_import
1261,1,7,12068,2025-12-05T18:00:00Z,advancement_entry
1262,1,7,17432,2025-12-05T18:00:00Z,event_import
1263,1,7,17161,2025-12-05T18:00:00Z,event_import
1264,1,7,236,2025-12-05T18:00:00Z,event_import
1265,1,7,6121,2025-12-05T18:00:00Z,advancement_entry
1266,1,7,5909,2025-12-05T18:00:00Z,event_import
1267,1,7,11904,2025-12-05T18:00:00Z,advancement_entry
1268,1,7,15004,2025-12-05T18:00:00Z,event_import
1269,1,7,15104,2025-12-05T18:00:00Z,event_import
1270,1,7,9320,2025-12-05T18:00:00Z,event_import
1271,1,7,8086,2025-12-05T18:00:00Z,event_import
1272,1,7,10296,2025-12-05T18:00:00Z,event_import
1273,1,7,16723,2025-12-05T18:00:00Z,event_import
1274,1,7,15497,2025-12-05T18:00:00Z,event_import
1275,1,7,5458,2025-12-05T18:00:00Z,event_import
1276,1,7,13426,2025-12-05T18:00:00Z,event_import
1277,1,7,14756,2025-12-05T18:00:00Z,advancement_entry
1278,1,7,1306,2025-12-05T18:00:00Z,event_import
1279,1,7,5931,2025-12-05T18:00:00Z,advancement_entry
1280,1,7,18045,2025-12-05T18:00:00Z,advancement_entry
1281,1,7,11233,2025-12-05T18:00:00Z,event_import
1282,1,7,7463,2025-12-05T18:00:00Z,event_import
1283,1,7,1561,2025-12-05T18:00:00Z,advancement_entry
1284,1,7,6656,2025-12-05T18:00:00Z,advancement_entry
1285,1,7,19696,2025-12-05T18:00:00Z,event_import
1286,1,7,5017,2025-12-05T18:00:00Z,advancement_entry
1287,1,7,12538,2025-12-05T18:00:00Z,advancement_entry
1288,1,7,9701,2025-12-05T18:00:00Z,event_import
1289,1,7,7186,2025-12-05T18:00:00Z,advancement_entry
1290,1,7,3787,2025-12-05T18:00:00Z,event_import
1291,1,7,12482,2025-12-05T18:00:00Z,event_import
1292,1,7,18825,2025-12-05T18:00:00Z,event_import
1293,1,7,19614,2025-12-05T18:00:00Z,event_import
1294,1,7,13030,2025-12-05T18:00:00Z,event_import
1295,1,7,4495,2025-12-05T18:00:00Z,event_import
1296,1,7,5335,2025-12-05T18:00:00Z,event_import
1297,1,7,5132,2025-12-05T18:00:00Z,event_import
1298,1,7,6646,2025-12-05T18:00:00Z,event_import
1299,1,7,12176,2025-12-05T18:00:00Z,event_import
1300,1,7,10434,2025-12-05T18:00:00Z,event_import
1301,1,7,7425,2025-12-05T18:00:00Z,event_import
1302,1,7,17250,2025-12-05T18:00:00Z,event_import
1303,1,7,9900,2025-12-05T18:00:00Z,event_import
1304,1,7,7312,2025-12-05T18:00:00Z,event_import
1305,1,7,14864,2025-12-05T18:00:00Z,event_import
1306,1,7,11334,2025-12-05T18:00:00Z,event_import
1307,1,7,18905,2025-12-05T18:00:00Z,event_import
1308,1,7,7485,2025-12-05T18:00:00Z,advancement_entry
1309,1,7,9082,2025-12-05T18:00:00Z,event_import
1310,1,7,17907,2025-12-05T18:00:00Z,advancement_entry
1311,1,7,15113,2025-12-05T18:00:00Z,event_import
1312,1,7,6693,2025-12-05T18:00:00Z,event_import
1313,1,7,3717,2025-12-05T18:00:00Z,event_import
1314,1,7,7167,2025-12-05T18:00:00Z,advancement_entry
1315,1,7,16121,2025-12-05T18:00:00Z,event_import
1316,1,7,13487,2025-12-05T18:00:00Z,event_import
1317,1,7,9706,2025-12-05T18:00:00Z,event_import
1318,1,7,11447,2025-12-05T18:00:00Z,event_import
1319,1,7,19955,2025-12-05T18:00:00Z,event_import
1320,1,7,13738,2025-12-05T18:00:00Z,event_import
1321,1,7,3341,2025-12-05T18:00:00Z,event_import
1322,1,7,7618,2025-12-05T18:00:00Z,event_import
1323,1,7,5370,2025-12-05T18:00:00Z,advancement_entry
1324,1,7,9220,2025-12-05T18:00:00Z,event_import
1325,1,7,29,2025-12-05T18:00:00Z,event_import
1326,1,7,15694,2025-12-05T18:00:00Z,advancement_entry
1327,1,7,17946,2025-12-05T18:00:00Z,advancement_entry
1328,1,7,11960,2025-12-05T18:00:00Z,event_import
1329,1,7,18341,2025-12-05T18:00:00Z,event_import
1330,1,7,1860,2025-12-05T18:00:00Z,event_import
1331,1,7,8826,2025-12-05T18:00:00Z,event_import
1332,1,7,18636,2025-12-05T18:00:00Z,event_import
1333,1,7,4164,2025-12-05T18:00:00Z,event_import
1334,1,7,6720,2025-12-05T18:00:00Z,advancement_entry
1335,1,7,18930,2025-12-05T18:00:00Z,event_import
1336,1,7,7326,2025-12-05T18:00:00Z,event_import
1337,1,7,2996,2025-12-05T18:00:00Z,event_import
1338,1,7,18927,2025-12-05T18:00:00Z,event_import
1339,1,7,2115,2025-12-05T18:00:00Z,event_import
1340,1,7,1901,2025-12-05T18:00:00Z,event_import
1341,1,7,13228,2025-12-05T18:00:00Z,event_import
1342,1,7,11342,2025-12-05T18:00:00Z,event_import
1343,1,7,13535,2025-12-05T18:00:00Z,advancement_entry
1344,1,7,2548,2025-12-05T18:00:00Z,event_import
1345,1,7,9092,2025-12-05T18:00:00Z,event_import
1346,1,7,13668,2025-12-05T18:00:00Z,event_import
1347,1,7,3445,2025-12-05T18:00:00Z,event_import
1348,1,7,12474,2025-12-05T18:00:00Z,event_import
1349,1,7,10995,2025-12-05T18:00:00Z,event_import
1350,1,7,4370,2025-12-05T18:00:00Z,event_import
1351,1,7,14289,2025-12-05T18:00:00Z,event_import
1352,1,7,2414,2025-12-05T18:00:00Z,event_import
1353,1,7,8551,2025-12-05T18:00:00Z,event_import
1354,1,7,16231,2025-12-05T18:00:00Z,advancement_entry
1355,1,7,10345,2025-12-05T18:00:00Z,event_import
1356,1,7,6509,2025-12-05T18:00:00Z,advancement_entry
1357,1,7,14832,2025-12-05T18:00:00Z,advancement_entry
1358,1,7,1446,2025-12-05T18:00:00Z,event_import
1359,1,7,11338,2025-12-05T18:00:00Z,event_import
1360,1,7,3215,2025-12-05T18:00:00Z,event_import
1361,1,7,4784,2025-12-05T18:00:00Z,event_import
1362,1,7,4588,2025-12-05T18:00:00Z,advancement_entry
1363,1,7,16754,2025-12-05T18:00:00Z,advancement_entry
1364,1,7,9303,2025-12-05T18:00:00Z,advancement_entry
1365,1,7,14440,2025-12-05T18:00:00Z,event_import
1366,1,7,7877,2025-12-05T18:00:00Z,event_import
1367,1,7,1768,2025-12-05T18:00:00Z,event_import
1368,1,7,6450,2025-12-05T18:00:00Z,advancement_entry
1369,1,7,13978,2025-12-05T18:00:00Z,advancement_entry
1370,1,7,15923,2025-12-05T18:00:00Z,event_import
1371,1,7,18663,2025-12-05T18:00:00Z,event_import
1372,1,7,2075,2025-12-05T18:00:00Z,advancement_entry
1373,1,7,19489,2025-12-05T18:00:00Z,event_import
1374,1,7,12124,2025-12-05T18:00:00Z,advancement_entry
1375,1,7,4257,2025-12-05T18:00:00Z,event_import
1376,1,7,20,2025-12-05T18:00:00Z,event_import
1377,1,7,3684,2025-12-05T18:00:00Z,event_import
1378,1,7,7726,2025-12-05T18:00:00Z,event_import
1379,1,7,4821,2025-12-05T18:00:00Z,event_import
1380,1,7,6288,2025-12-05T18:00:00Z,event_import
1381,1,7,9669,2025-12-05T18:00:00Z,event_import
1382,1,7,13623,2025-12-05T18:00:00Z,event_import
1383,1,7,12865,2025-12-05T18:00:00Z,event_import
1384,1,7,9940,2025-12-05T18:00:00Z,advancement_entry
1385,1,7,460,2025-12-05T18:00:00Z,event_import
1386,1,7,15290,2025-12-05T18:00:00Z,event_import
1387,1,7,2986,2025-12-05T18:00:00Z,event_import
1388,1,7,10823,2025-12-05T18:00:00Z,event_import
1389,1,7,8499,2025-12-05T18:00:00Z,event_import
1390,1,7,9012,2025-12-05T18:00:00Z,event_import
1391,1,7,7852,2025-12-05T18:00:00Z,advancement_entry
1392,1,7,7394,2025-12-05T18:00:00Z,event_import
1393,1,7,1623,2025-12-05T18:00:00Z,advancement_entry
1394,1,7,19845,2025-12-05T18:00:00Z,event_import
1395,1,7,12942,2025-12-05T18:00:00Z,event_import
1396,1,7,18546,2025-12-05T18:00:00Z,event_import
1397,1,7,17105,2025-12-05T18:00:00Z,event_import
1398,1,7,3136,2025-12-05T18:00:00Z,event_import
1399,1,7,4793,2025-12-05T18:00:00Z,event_import
1400,1,7,10881,2025-12-05T18:00:00Z,event_import
1401,1,8,14009,2026-06-11T18:00:00Z,advancement_entry
1402,1,8,13531,2026-06-11T18:00:00Z,event_import
1403,1,8,6241,2026-06-11T18:00:00Z,event_import
1404,1,8,5580,2026-06-11T18:00:00Z,event_import
1405,1,8,2272,2026-06-11T18:00:00Z,event_import
1406,1,8,6276,2026-06-11T18:00:00Z,event_import
1407,1,8,9058,2026-06-11T18:00:00Z,advancement_entry
1408,1,8,5822,2026-06-11T18:00:00Z,event_import
1409,1,8,2675,2026-06-11T18:00:00Z,event_import
1410,1,8,18652,2026-06-11T18:00:00Z,advancement_entry
1411,1,8,18989,2026-06-11T18:00:00Z,event_import
1412,1,8,1701,2026-06-11T18:00:00Z,event_import
1413,1,8,11681,2026-06-11T18:00:00Z,event_import
1414,1,8,18791,2026-06-11T18:00:00Z,event_import
1415,1,8,6440,2026-06-11T18:00:00Z,event_import
1416,1,8,2456,2026-06-11T18:00:00Z,advancement_entry
1417,1,8,2001,2026-06-11T18:00:00Z,event_import
1418,1,8,15269,2026-06-11T18:00:00Z,event_import
1419,1,8,10799,2026-06-11T18:00:00Z,advancement_entry
1420,1,8,2208,2026-06-11T18:00:00Z,event_import
1421,1,8,10694,2026-06-11T18:00:00Z,event_import
1422,1,8,1102,2026-06-11T18:00:00Z,event_import
1423,1,8,10230,2026-06-11T18:00:00Z,event_import
1424,1,8,16438,2026-06-11T18:00:00Z,event_import
1425,1,8,10794,2026-06-11T18:00:00Z,advancement_entry
1426,1,8,1231,2026-06-11T18:00:00Z,event_import
1427,1,8,2042,2026-06-11T18:00:00Z,event_import
1428,1,8,15999,2026-06-11T18:00:00Z,event_import
1429,1,8,13327,2026-06-11T18:00:00Z,event_import
1430,1,8,6236,2026-06-11T18:00:00Z,advancement_entry
1431,1,8,13035,2026-06-11T18:00:00Z,event_import
1432,1,8,5231,2026-06-11T18:00:00Z,advancement_entry
1433,1,8,18874,2026-06-11T18:00:00Z,event_import
1434,1,8,5299,2026-06-11T18:00:00Z,event_import
1435,1,8,12779,2026-06-11T18:00:00Z,event_import
1436,1,8,6907,2026-06-11T18:00:00Z,event_import
1437,1,8,3553,2026-06-11T18:00:00Z,event_import
1438,1,8,18787,2026-06-11T18:00:00Z,advancement_entry
1439,1,8,9104,2026-06-11T18:00:00Z,event_import
1440,1,8,12498,2026-06-11T18:00:00Z,event_import
1441,1,8,6776,2026-06-11T18:00:00Z,event_import
1442,1,8,3736,2026-06-11T18:00:00Z,event_import
1443,1,8,4994,2026-06-11T18:00:00Z,advancement_entry
1444,1,8,14917,2026-06-11T18:00:00Z,event_import
1445,1,8,1496,2026-06-11T18:00:00Z,event_import
1446,1,8,1269,2026-06-11T18:00:00Z,event_import
1447,1,8,14805,2026-06-11T18:00:00Z,event_import
1448,1,8,16031,2026-06-11T18:00:00Z,event_import
1449,1,8,9090,2026-06-11T18:00:00Z,advancement_entry
1450,1,8,1560,2026-06-11T18:00:00Z,event_import
1451,1,8,8080,2026-06-11T18:00:00Z,event_import
1452,1,8,5306,2026-06-11T18:00:00Z,event_import
1453,1,8,12197,2026-06-11T18:00:00Z,event_import
1454,1,8,2167,2026-06-11T18:00:00Z,event_import
1455,1,8,1135,2026-06-11T18:00:00Z,event_import
1456,1,8,16339,2026-06-11T18:00:00Z,event_import
1457,1,8,17267,2026-06-11T18:00:00Z,advancement_entry
1458,1,8,9679,2026-06-11T18:00:00Z,event_import
1459,1,8,3601,2026-06-11T18:00:00Z,advancement_entry
1460,1,8,7790,2026-06-11T18:00:00Z,event_import
1461,1,8,19511,2026-06-11T18:00:00Z,event_import
1462,1,8,10356,2026-06-11T18:00:00Z,event_import
1463,1,8,15965,2026-06-11T18:00:00Z,advancement_entry
1464,1,8,14655,2026-06-11T18:00:00Z,advancement_entry
1465,1,8,11437,2026-06-11T18:00:00Z,event_import
1466,1,8,2641,2026-06-11T18:00:00Z,event_import
1467,1,8,7785,2026-06-11T18:00:00Z,event_import
1468,1,8,19097,2026-06-11T18:00:00Z,event_import
1469,1,8,2715,2026-06-11T18:00:00Z,event_import
1470,1,8,2274,2026-06-11T18:00:00Z,advancement_entry
1471,1,8,16428,2026-06-11T18:00:00Z,advancement_entry
1472,1,8,4511,2026-06-11T18:00:00Z,event_import
1473,1,8,19627,2026-06-11T18:00:00Z,event_import
1474,1,8,12060,2026-06-11T18:00:00Z,event_import
1475,1,8,6325,2026-06-11T18:00:00Z,event_import
1476,1,8,13714,2026-06-11T18:00:00Z,event_import
1477,1,8,12810,2026-06-11T18:00:00Z,event_import
1478,1,8,12711,2026-06-11T18:00:00Z,event_import
